Workbook

Sheet Overall_Summary_Q1_Data
A3: Q1-2025 - Total Electric Line Extension Applications
A4: Type of Construction | B4: Customer Class | C4: Mixed Fuel | D4: All-Electric | E4: Total | F4: Percent All-Electric
A5: PG&E
A6: Upgrade | B6: Residential | C6: =C36 -> 5 | D6: =D36 -> 132 | E6: =E36 -> 137 | F6: =F36 -> 0.96350365 | H6: QC Check
A7: Upgrade | B7: Commercial | C7: =C37 -> 1 | D7: =D37 -> 37 | E7: =E37 -> 38 | F7: =F37 -> 0.97368421 | H7: Iou | K7: Calculated Percent AE | L7: Tableau Percent AE
A8: New Construction | B8: Agency (City, County, Caltrans) | C8: =C43 -> 4 | D8: =D43 -> 226 | E8: =E43 -> 230 | F8: =F43 -> 0.9826087 | H8: PGE | I8: AE Total Apps | J8: =SUM(D36:D50) -> 4460 | K8: =J8/J9 -> 0.79928315 | L8: 0.81
A9: New Construction | B9: Industrial | C9: =C44 -> 8 | D9: =D44 -> 75 | E9: =E44 -> 83 | F9: =F44 -> 0.90361446 | I9: Total ELE Apps | J9: =SUM(E36:E50) -> 5580
A10: New Construction | B10: Mixed Use (Commercial / Residential) | C10: =C45 -> 44 | D10: =D45 -> 82 | E10: =E45 -> 126 | F10: =F45 -> 0.65079365 | H10: SDGE | I10: AE Total Apps | J10: =SUM(D57:D64) -> 4338 | K10: =J10/J11 -> 0.75364837 | L10: 0.75
A11: New Construction | B11: Commercial | C11: =C46 -> 172 | D11: =D46 -> 669 | E11: =E46 -> 841 | F11: =F46 -> 0.79548157 | I11: Total ELE Apps | J11: =SUM(E57:E64) -> 5756
A12: New Construction | B12: Residential | C12: =C47 -> 886 | D12: =D47 -> 2445 | E12: =E47 -> 3331 | F12: =F47 -> 0.73401381 | H12: SCE | I12: AE Total Apps | J12: =SUM(D72:D77) -> 1550 | K12: =J12/J13 -> 0.2886406 | L12: 0.29
A13: SDGE | I13: Total ELE Apps | J13: =SUM(E72:E77) -> 5370
A14: Upgrade | B14: Commerical | C14: =C57 -> 62 | D14: =D57 -> 2515 | E14: =E57 -> 2577 | F14: =F57 -> 0.97594102
A15: Upgrade | B15: Residential | C15: =C58 -> 605 | D15: =D58 -> 257 | E15: =E58 -> 862 | F15: =F58 -> 0.29814385
A16: New Construction | B16: Commerical | C16: =C61 -> 167 | D16: =D61 -> 498 | E16: =E61 -> 665 | F16: =F61 -> 0.74887218
A17: New Construction | B17: Residential | C17: =C62 -> 584 | D17: =D62 -> 1063 | E17: =E62 -> 1647 | F17: =F62 -> 0.64541591
A18: SCE
A19: Upgrade | B19: Residential | C19: =C72 -> 2327 | D19: =D72 -> 95 | E19: =E72 -> 2422 | F19: =F72 -> 0.039223782
A20: Upgrade | B20: Commerical/Industrial | C20: =C73 -> 203 | D20: =D73 -> 72 | E20: =E73 -> 275 | F20: =F73 -> 0.26181818
A21: Upgrade | B21: Agriculture | C21: =C74 -> 5 | D21: =D74 -> 24 | E21: =E74 -> 29 | F21: =F74 -> 0.82758621
A22: New Construction | B22: Residential | C22: =C75 -> 911 | D22: =D75 -> 867 | E22: =E75 -> 1778 | F22: =F75 -> 0.48762655
A23: New Construction | B23: Commerical/Industrial | C23: =C76 -> 363 | D23: =D76 -> 473 | E23: =E76 -> 836 | F23: =F76 -> 0.56578947
A24: New Construction | B24: Agriculture | C24: =C77 -> 11 | D24: =D77 -> 19 | E24: =E77 -> 30 | F24: =F77 -> 0.63333333
A32: PG&E
A33: Total Electric Line Extension Applications
A35: Type of Construction | B35: Customer Class | C35: Mixed Fuel | D35: All-Electric | E35: Total | F35: Percent All-Electric
A36: Upgrade | B36: Residential | C36: =PGE_Q1_2025!Q10+PGE_Q1_2025!Q62+PGE_Q1_2025!R10+PGE_Q1_2025!R62 -> 5 | D36: =PGE_Q1_2025!Q86+PGE_Q1_2025!Q87+PGE_Q1_2025!Q95+PGE_Q1_2025!R86+PGE_Q1_2025!R87+PGE_Q1_2025!R95 -> 132 | E36: =C36+D36 -> 137 | F36: =D36/E36 -> 0.96350365
A37: Upgrade | B37: Commercial | C37: =PGE_Q1_2025!Q19+PGE_Q1_2025!R19 -> 1 | D37: =PGE_Q1_2025!Q34+PGE_Q1_2025!Q44+PGE_Q1_2025!Q53+PGE_Q1_2025!R34+PGE_Q1_2025!R44+PGE_Q1_2025!R53 -> 37 | E37: =C37+D37 -> 38 | F37: =D37/E37 -> 0.97368421
A38: Upgrade | B38: Agency (City, County, Caltrans) | D38: =PGE_Q1_2025!Q42+PGE_Q1_2025!Q67+PGE_Q1_2025!R42+PGE_Q1_2025!R67 -> 3 | E38: =C38+D38 -> 3 | F38: =D38/E38 -> 1
A39: Upgrade | B39: Agricultural | D39: =PGE_Q1_2025!Q43+PGE_Q1_2025!Q63+PGE_Q1_2025!R43+PGE_Q1_2025!R63 -> 5 | E39: =C39+D39 -> 5 | F39: =D39/E39 -> 1
A40: Upgrade | B40: Mixed Use (Commercial / Residential) | D40: =PGE_Q1_2025!Q64+PGE_Q1_2025!Q65+PGE_Q1_2025!Q73+PGE_Q1_2025!R64+PGE_Q1_2025!R65+PGE_Q1_2025!R73 -> 36 | E40: =C40+D40 -> 36 | F40: =D40/E40 -> 1
A41: Upgrade | B41: Telecommunications | D41: =PGE_Q1_2025!Q66+PGE_Q1_2025!Q72+PGE_Q1_2025!Q74+PGE_Q1_2025!R66+PGE_Q1_2025!R72+PGE_Q1_2025!R74 -> 65 | E41: =C41+D41 -> 65 | F41: =D41/E41 -> 1
A42: Upgrade | B42: Street and Outdoor area Lighting | D42: =PGE_Q1_2025!Q78+PGE_Q1_2025!R78 -> 7 | E42: =C42+D42 -> 7 | F42: =D42/E42 -> 1
A43: New Construction | B43: Agency (City, County, Caltrans) | C43: =PGE_Q1_2025!Q56+PGE_Q1_2025!Q57+PGE_Q1_2025!Q68+PGE_Q1_2025!R56+PGE_Q1_2025!R57+PGE_Q1_2025!R68 -> 4 | D43: =PGE_Q1_2025!Q89+PGE_Q1_2025!Q99+PGE_Q1_2025!Q100+PGE_Q1_2025!R89+PGE_Q1_2025!R99+PGE_Q1_2025!R100 -> 226 | E43: =C43+D43 -> 230 | F43: =D43/E43 -> 0.9826087
A44: New Construction | B44: Industrial | C44: =PGE_Q1_2025!Q58+PGE_Q1_2025!Q69+PGE_Q1_2025!Q71+PGE_Q1_2025!R58+PGE_Q1_2025!R69+PGE_Q1_2025!R71 -> 8 | D44: =PGE_Q1_2025!Q77+PGE_Q1_2025!Q81+PGE_Q1_2025!Q82+PGE_Q1_2025!R77+PGE_Q1_2025!R81+PGE_Q1_2025!R82 -> 75 | E44: =C44+D44 -> 83 | F44: =D44/E44 -> 0.90361446
A45: New Construction | B45: Mixed Use (Commercial / Residential) | C45: =PGE_Q1_2025!Q70+PGE_Q1_2025!Q75+PGE_Q1_2025!Q79+PGE_Q1_2025!Q70+PGE_Q1_2025!Q75+PGE_Q1_2025!Q79+PGE_Q1_2025!R70+PGE_Q1_2025!R75+PGE_Q1_2025!R79+PGE_Q1_2025!R70+PGE_Q1_2025!R75+PGE_Q1_2025!R79 -> 44 | D45: =PGE_Q1_2025!Q80+PGE_Q1_2025!Q83+PGE_Q1_2025!Q85+PGE_Q1_2025!R80+PGE_Q1_2025!R83+PGE_Q1_2025!R85 -> 82 | E45: =C45+D45 -> 126 | F45: =D45/E45 -> 0.65079365
A46: New Construction | B46: Commercial | C46: =PGE_Q1_2025!Q88+PGE_Q1_2025!Q90+PGE_Q1_2025!Q101+PGE_Q1_2025!Q88+PGE_Q1_2025!Q90+PGE_Q1_2025!Q101 -> 172 | D46: =PGE_Q1_2025!Q102+PGE_Q1_2025!Q104+PGE_Q1_2025!Q105+PGE_Q1_2025!R102+PGE_Q1_2025!R104+PGE_Q1_2025!R105 -> 669 | E46: =C46+D46 -> 841 | F46: =D46/E46 -> 0.79548157
A47: New Construction | B47: Residential | C47: =PGE_Q1_2025!Q103+PGE_Q1_2025!Q107+PGE_Q1_2025!Q106+PGE_Q1_2025!R103+PGE_Q1_2025!R107+PGE_Q1_2025!R106 -> 886 | D47: =PGE_Q1_2025!Q108+PGE_Q1_2025!Q109+PGE_Q1_2025!Q110+PGE_Q1_2025!R108+PGE_Q1_2025!R109+PGE_Q1_2025!R110 -> 2445 | E47: =C47+D47 -> 3331 | F47: =D47/E47 -> 0.73401381
A48: New Construction | B48: Agricultural | D48: =PGE_Q1_2025!Q91+PGE_Q1_2025!Q93+PGE_Q1_2025!Q97+PGE_Q1_2025!R91+PGE_Q1_2025!R93+PGE_Q1_2025!R97 -> 300 | E48: =C48+D48 -> 300 | F48: =D48/E48 -> 1
A49: New Construction | B49: Street and Outdoor area Lighting | D49: =PGE_Q1_2025!Q76+PGE_Q1_2025!Q84+PGE_Q1_2025!Q98+PGE_Q1_2025!R76+PGE_Q1_2025!R84+PGE_Q1_2025!R98 -> 70 | E49: =C49+D49 -> 70 | F49: =D49/E49 -> 1
A50: New Construction | B50: Telecommunications | D50: =PGE_Q1_2025!Q92+PGE_Q1_2025!Q94+PGE_Q1_2025!Q96+PGE_Q1_2025!R92+PGE_Q1_2025!R94+PGE_Q1_2025!R96 -> 308 | E50: =C50+D50 -> 308 | F50: =D50/E50 -> 1
A53: SDGE
A54: Total Electric Line Extension Applications
A56: Type of Construction | B56: Customer Class | C56: Mixed Fuel | D56: All-Electric | E56: Total | F56: Percent All-Electric
A57: Upgrade | B57: Commerical | C57: =SDGE_Q1_2025!Q47+SDGE_Q1_2025!Q50+SDGE_Q1_2025!Q97+SDGE_Q1_2025!Q148+SDGE_Q1_2025!Q178+SDGE_Q1_2025!Q181+SDGE_Q1_2025!R47+SDGE_Q1_2025!R50+SDGE_Q1_2025!R97+SDGE_Q1_2025!R148+SDGE_Q1_2025!R178+SDGE_Q1_2025!R181 -> 62 | D57: =SDGE_Q1_2025!Q32+SDGE_Q1_2025!Q33+SDGE_Q1_2025!Q35+SDGE_Q1_2025!Q36+SDGE_Q1_2025!Q37+SDGE_Q1_2025!Q39+SDGE_Q1_2025!Q41+SDGE_Q1_2025!Q42+SDGE_Q1_2025!Q43+SDGE_Q1_2025!Q84+SDGE_Q1_2025!Q86+SDGE_Q1_2025!Q87+SDGE_Q1_2025!Q88+SDGE_Q1_2025!Q89+SDGE_Q1_2025!Q91+SDGE_Q1_2025!Q92+SDGE_Q1_2025!Q94+SDGE_Q1_2025!Q137+SDGE_Q1_2025!Q139+SDGE_Q1_2025!Q140+SDGE_Q1_2025!Q141+SDGE_Q1_2025!Q142+SDGE_Q1_2025!Q144+SDGE_Q1_2025!Q145+SDGE_Q1_2025!Q154+SDGE_Q1_2025!Q155+SDGE_Q1_2025!Q156+SDGE_Q1_2025!Q159+SDGE_Q1_2025!Q160+SDGE_Q1_2025!Q161+SDGE_Q1_2025!Q162+SDGE_Q1_2025!Q163+SDGE_Q1_2025!Q168+SDGE_Q1_2025!Q169+SDGE_Q1_2025!Q170+SDGE_Q1_2025!Q171+SDGE_Q1_2025!Q172+SDGE_Q1_2025!Q173+SDGE_Q1_2025!Q174+SDGE_Q1_2025!R32+SDGE_Q1_2025!R33+SDGE_Q1_2025!R35+SDGE_Q1_2025!R36+SDGE_Q1_2025!R37+SDGE_Q1_2025!R39+SDGE_Q1_2025!R41+SDGE_Q1_2025!R42+SDGE_Q1_2025!R43+SDGE_Q1_2025!R84+SDGE_Q1_2025!R86+SDGE_Q1_2025!R87+SDGE_Q1_2025!R88+SDGE_Q1_2025!R89+SDGE_Q1_2025!R91+SDGE_Q1_2025!R92+SDGE_Q1_2025!R94+SDGE_Q1_2025!R137+SDGE_Q1_2025!R139+SDGE_Q1_2025!R140+SDGE_Q1_2025!R141+SDGE_Q1_2025!R142+SDGE_Q1_2025!R144+SDGE_Q1_2025!R145+SDGE_Q1_2025!R154+SDGE_Q1_2025!R155+SDGE_Q1_2025!R156+SDGE_Q1_2025!R159+SDGE_Q1_2025!R160+SDGE_Q1_2025!R161+SDGE_Q1_2025!R162+SDGE_Q1_2025!R163+SDGE_Q1_2025!R168+SDGE_Q1_2025!R169+SDGE_Q1_2025!R170+SDGE_Q1_2025!R171+SDGE_Q1_2025!R172+SDGE_Q1_2025!R173+SDGE_Q1_2025!R174 -> 2515 | E57: =SUM(C57:D57) -> 2577 | F57: =D57/E57 -> 0.97594102
A58: Upgrade | B58: Residential | C58: =SDGE_Q1_2025!Q48+SDGE_Q1_2025!Q49+SDGE_Q1_2025!Q51+SDGE_Q1_2025!Q98+SDGE_Q1_2025!Q99+SDGE_Q1_2025!Q101+SDGE_Q1_2025!Q149+SDGE_Q1_2025!Q150+SDGE_Q1_2025!Q151+SDGE_Q1_2025!Q175+SDGE_Q1_2025!Q176+SDGE_Q1_2025!Q177+SDGE_Q1_2025!Q179+SDGE_Q1_2025!Q180+SDGE_Q1_2025!Q182+SDGE_Q1_2025!Q183+SDGE_Q1_2025!Q184+SDGE_Q1_2025!R48+SDGE_Q1_2025!R49+SDGE_Q1_2025!R51+SDGE_Q1_2025!R98+SDGE_Q1_2025!R99+SDGE_Q1_2025!R101+SDGE_Q1_2025!R149+SDGE_Q1_2025!R150+SDGE_Q1_2025!R151+SDGE_Q1_2025!R175+SDGE_Q1_2025!R176+SDGE_Q1_2025!R177+SDGE_Q1_2025!R179+SDGE_Q1_2025!R180+SDGE_Q1_2025!R182+SDGE_Q1_2025!R183+SDGE_Q1_2025!R184 -> 605 | D58: =SUM(SDGE_Q1_2025!Q31,SDGE_Q1_2025!Q34,SDGE_Q1_2025!Q38,SDGE_Q1_2025!Q40,SDGE_Q1_2025!Q81,SDGE_Q1_2025!Q85,SDGE_Q1_2025!Q90,SDGE_Q1_2025!Q93,SDGE_Q1_2025!Q134,SDGE_Q1_2025!Q136,SDGE_Q1_2025!Q138,SDGE_Q1_2025!Q143,SDGE_Q1_2025!Q153,SDGE_Q1_2025!Q158,SDGE_Q1_2025!Q164,SDGE_Q1_2025!Q165,SDGE_Q1_2025!Q166)+SUM(SDGE_Q1_2025!R31,SDGE_Q1_2025!R34,SDGE_Q1_2025!R38,SDGE_Q1_2025!R40,SDGE_Q1_2025!R81,SDGE_Q1_2025!R85,SDGE_Q1_2025!R90,SDGE_Q1_2025!R93,SDGE_Q1_2025!R134,SDGE_Q1_2025!R136,SDGE_Q1_2025!R138,SDGE_Q1_2025!R143,SDGE_Q1_2025!R153,SDGE_Q1_2025!R158,SDGE_Q1_2025!R164,SDGE_Q1_2025!R165,SDGE_Q1_2025!R166) -> 257 | E58: =SUM(C58:D58) -> 862 | F58: =D58/E58 -> 0.29814385
A59: Upgrade | B59: Agriculture | D59: =SUM(SDGE_Q1_2025!Q83,SDGE_Q1_2025!Q152,SDGE_Q1_2025!Q157)+SUM(SDGE_Q1_2025!R83,SDGE_Q1_2025!R152,SDGE_Q1_2025!R157) -> 2 | E59: =SUM(C59:D59) -> 2 | F59: =D59/E59 -> 1
A60: Upgrade | B60: Industrial | D60: =SDGE_Q1_2025!Q167+SDGE_Q1_2025!R167 -> 1 | E60: =SUM(C60:D60) -> 1 | F60: =D60/E60 -> 1
A61: New Construction | B61: Commerical | C61: =SUM(SDGE_Q1_2025!Q21,SDGE_Q1_2025!Q26,SDGE_Q1_2025!Q70,SDGE_Q1_2025!Q77,SDGE_Q1_2025!Q125,SDGE_Q1_2025!Q130,SDGE_Q1_2025!Q208,SDGE_Q1_2025!Q209,SDGE_Q1_2025!Q210,SDGE_Q1_2025!Q211,SDGE_Q1_2025!Q212,SDGE_Q1_2025!Q213,SDGE_Q1_2025!Q214)+SUM(SDGE_Q1_2025!R21,SDGE_Q1_2025!R26,SDGE_Q1_2025!R70,SDGE_Q1_2025!R77,SDGE_Q1_2025!R125,SDGE_Q1_2025!R130,SDGE_Q1_2025!R208,SDGE_Q1_2025!R209,SDGE_Q1_2025!R210,SDGE_Q1_2025!R211,SDGE_Q1_2025!R212,SDGE_Q1_2025!R213,SDGE_Q1_2025!R214) -> 167 | D61: =SUM(SDGE_Q1_2025!Q2,SDGE_Q1_2025!Q4,SDGE_Q1_2025!Q7,SDGE_Q1_2025!Q11,SDGE_Q1_2025!Q52,SDGE_Q1_2025!Q55,SDGE_Q1_2025!Q59,SDGE_Q1_2025!Q62,SDGE_Q1_2025!Q102,SDGE_Q1_2025!Q104,SDGE_Q1_2025!Q108,SDGE_Q1_2025!Q115,SDGE_Q1_2025!Q186,SDGE_Q1_2025!Q187,SDGE_Q1_2025!Q188,SDGE_Q1_2025!Q189,SDGE_Q1_2025!Q190,SDGE_Q1_2025!Q191,SDGE_Q1_2025!Q192,SDGE_Q1_2025!Q193,SDGE_Q1_2025!Q194,SDGE_Q1_2025!Q195,SDGE_Q1_2025!Q196,SDGE_Q1_2025!Q197)+SUM(SDGE_Q1_2025!R2,SDGE_Q1_2025!R4,SDGE_Q1_2025!R7,SDGE_Q1_2025!R11,SDGE_Q1_2025!R52,SDGE_Q1_2025!R55,SDGE_Q1_2025!R59,SDGE_Q1_2025!R62,SDGE_Q1_2025!R102,SDGE_Q1_2025!R104,SDGE_Q1_2025!R108,SDGE_Q1_2025!R115,SDGE_Q1_2025!R186,SDGE_Q1_2025!R187,SDGE_Q1_2025!R188,SDGE_Q1_2025!R189,SDGE_Q1_2025!R190,SDGE_Q1_2025!R191,SDGE_Q1_2025!R192,SDGE_Q1_2025!R193,SDGE_Q1_2025!R194,SDGE_Q1_2025!R195,SDGE_Q1_2025!R196,SDGE_Q1_2025!R197) -> 498 | E61: =SUM(C61:D61) -> 665 | F61: =D61/E61 -> 0.74887218
A62: New Construction | B62: Residential | C62: =SUM(SDGE_Q1_2025!Q17,SDGE_Q1_2025!Q23,SDGE_Q1_2025!Q24,SDGE_Q1_2025!Q25,SDGE_Q1_2025!Q27,SDGE_Q1_2025!Q29,SDGE_Q1_2025!Q28,SDGE_Q1_2025!Q65,SDGE_Q1_2025!Q67,SDGE_Q1_2025!Q72,SDGE_Q1_2025!Q73,SDGE_Q1_2025!Q74,SDGE_Q1_2025!Q78,SDGE_Q1_2025!Q80,SDGE_Q1_2025!Q79,SDGE_Q1_2025!Q121,SDGE_Q1_2025!Q123,SDGE_Q1_2025!Q124,SDGE_Q1_2025!Q126,SDGE_Q1_2025!Q127,SDGE_Q1_2025!Q128,SDGE_Q1_2025!Q131,SDGE_Q1_2025!Q133,SDGE_Q1_2025!Q215,SDGE_Q1_2025!Q216,SDGE_Q1_2025!Q217,SDGE_Q1_2025!Q218,SDGE_Q1_2025!Q219,SDGE_Q1_2025!Q220)+SUM(SDGE_Q1_2025!R17,SDGE_Q1_2025!R23,SDGE_Q1_2025!R24,SDGE_Q1_2025!R25,SDGE_Q1_2025!R27,SDGE_Q1_2025!R29,SDGE_Q1_2025!R28,SDGE_Q1_2025!R65,SDGE_Q1_2025!R67,SDGE_Q1_2025!R72,SDGE_Q1_2025!R73,SDGE_Q1_2025!R74,SDGE_Q1_2025!R78,SDGE_Q1_2025!R80,SDGE_Q1_2025!R79,SDGE_Q1_2025!R121,SDGE_Q1_2025!R123,SDGE_Q1_2025!R124,SDGE_Q1_2025!R126,SDGE_Q1_2025!R127,SDGE_Q1_2025!R128,SDGE_Q1_2025!R131,SDGE_Q1_2025!R133,SDGE_Q1_2025!R215,SDGE_Q1_2025!R216,SDGE_Q1_2025!R217,SDGE_Q1_2025!R218,SDGE_Q1_2025!R219,SDGE_Q1_2025!R220) -> 584 | D62: =SUM(SDGE_Q1_2025!Q3,SDGE_Q1_2025!Q5,SDGE_Q1_2025!Q6,SDGE_Q1_2025!Q8,SDGE_Q1_2025!Q9,SDGE_Q1_2025!Q10,SDGE_Q1_2025!Q12,SDGE_Q1_2025!Q13,SDGE_Q1_2025!Q14,SDGE_Q1_2025!Q53,SDGE_Q1_2025!Q54,SDGE_Q1_2025!Q56,SDGE_Q1_2025!Q57,SDGE_Q1_2025!Q58,SDGE_Q1_2025!Q60,SDGE_Q1_2025!Q61,SDGE_Q1_2025!Q63,SDGE_Q1_2025!Q103,SDGE_Q1_2025!Q105,SDGE_Q1_2025!Q109,SDGE_Q1_2025!Q110,SDGE_Q1_2025!Q111,SDGE_Q1_2025!Q113,SDGE_Q1_2025!Q117,SDGE_Q1_2025!Q118,SDGE_Q1_2025!Q119,SDGE_Q1_2025!Q120,SDGE_Q1_2025!Q199,SDGE_Q1_2025!Q200,SDGE_Q1_2025!Q201,SDGE_Q1_2025!Q202,SDGE_Q1_2025!Q204,SDGE_Q1_2025!Q205,SDGE_Q1_2025!Q207,SDGE_Q1_2025!Q203,SDGE_Q1_2025!Q206)+SUM(SDGE_Q1_2025!R3,SDGE_Q1_2025!R5,SDGE_Q1_2025!R6,SDGE_Q1_2025!R8,SDGE_Q1_2025!R9,SDGE_Q1_2025!R10,SDGE_Q1_2025!R12,SDGE_Q1_2025!R13,SDGE_Q1_2025!R14,SDGE_Q1_2025!R53,SDGE_Q1_2025!R54,SDGE_Q1_2025!R56,SDGE_Q1_2025!R57,SDGE_Q1_2025!R58,SDGE_Q1_2025!R60,SDGE_Q1_2025!R61,SDGE_Q1_2025!R63,SDGE_Q1_2025!R103,SDGE_Q1_2025!R105,SDGE_Q1_2025!R109,SDGE_Q1_2025!R110,SDGE_Q1_2025!R111,SDGE_Q1_2025!R113,SDGE_Q1_2025!R117,SDGE_Q1_2025!R118,SDGE_Q1_2025!R119,SDGE_Q1_2025!R120,SDGE_Q1_2025!R199,SDGE_Q1_2025!R200,SDGE_Q1_2025!R201,SDGE_Q1_2025!R202,SDGE_Q1_2025!R204,SDGE_Q1_2025!R205,SDGE_Q1_2025!R207,SDGE_Q1_2025!R203,SDGE_Q1_2025!R206) -> 1063 | E62: =SUM(C62:D62) -> 1647 | F62: =D62/E62 -> 0.64541591
A63: New Construction | B63: Agriculture | D63: =SUM(SDGE_Q1_2025!Q114+SDGE_Q1_2025!Q185)+SUM(SDGE_Q1_2025!R114+SDGE_Q1_2025!R185) -> 1 | E63: =SUM(C63:D63) -> 1 | F63: =D63/E63 -> 1
A64: New Construction | B64: Industrial | D64: =SUM(SDGE_Q1_2025!Q116,SDGE_Q1_2025!Q198)+SUM(SDGE_Q1_2025!R116,SDGE_Q1_2025!R198) -> 1 | E64: =SUM(C64:D64) -> 1 | F64: =D64/E64 -> 1
A68: SCE
A69: Total Electric Line Extension Applications
A71: Type of Construction | B71: Customer Class | C71: Mixed Fuel | D71: All-Electric | E71: Total | F71: Percent All-Electric
A72: Upgrade | B72: Residential | C72: =SUM(SCE_Q1_2025!Q243,SCE_Q1_2025!Q244,SCE_Q1_2025!Q245,SCE_Q1_2025!Q246,SCE_Q1_2025!Q247,SCE_Q1_2025!Q248,SCE_Q1_2025!Q249,SCE_Q1_2025!Q250,SCE_Q1_2025!Q251,SCE_Q1_2025!Q252,SCE_Q1_2025!Q253,SCE_Q1_2025!Q254,SCE_Q1_2025!Q255,SCE_Q1_2025!Q256,SCE_Q1_2025!Q257,SCE_Q1_2025!Q258,SCE_Q1_2025!Q259,SCE_Q1_2025!Q269,SCE_Q1_2025!Q270,SCE_Q1_2025!Q271,SCE_Q1_2025!Q272,SCE_Q1_2025!Q273,SCE_Q1_2025!Q274,SCE_Q1_2025!Q275,SCE_Q1_2025!Q276,SCE_Q1_2025!Q277,SCE_Q1_2025!Q278,SCE_Q1_2025!Q279,SCE_Q1_2025!Q280,SCE_Q1_2025!Q281,SCE_Q1_2025!Q282,SCE_Q1_2025!Q283,SCE_Q1_2025!Q284,SCE_Q1_2025!Q297,SCE_Q1_2025!Q298,SCE_Q1_2025!Q299,SCE_Q1_2025!Q300,SCE_Q1_2025!Q301,SCE_Q1_2025!Q302,SCE_Q1_2025!Q303,SCE_Q1_2025!Q304,SCE_Q1_2025!Q305,SCE_Q1_2025!Q306,SCE_Q1_2025!Q307,SCE_Q1_2025!Q308,SCE_Q1_2025!Q309,SCE_Q1_2025!Q310,SCE_Q1_2025!Q311,SCE_Q1_2025!Q312)+SUM(SCE_Q1_2025!R243,SCE_Q1_2025!R244,SCE_Q1_2025!R245,SCE_Q1_2025!R246,SCE_Q1_2025!R247,SCE_Q1_2025!R248,SCE_Q1_2025!R249,SCE_Q1_2025!R250,SCE_Q1_2025!R251,SCE_Q1_2025!R252,SCE_Q1_2025!R253,SCE_Q1_2025!R254,SCE_Q1_2025!R255,SCE_Q1_2025!R256,SCE_Q1_2025!R257,SCE_Q1_2025!R258,SCE_Q1_2025!R259,SCE_Q1_2025!R269,SCE_Q1_2025!R270,SCE_Q1_2025!R271,SCE_Q1_2025!R272,SCE_Q1_2025!R273,SCE_Q1_2025!R274,SCE_Q1_2025!R275,SCE_Q1_2025!R276,SCE_Q1_2025!R277,SCE_Q1_2025!R278,SCE_Q1_2025!R279,SCE_Q1_2025!R280,SCE_Q1_2025!R281,SCE_Q1_2025!R282,SCE_Q1_2025!R283,SCE_Q1_2025!R284,SCE_Q1_2025!R297,SCE_Q1_2025!R298,SCE_Q1_2025!R299,SCE_Q1_2025!R300,SCE_Q1_2025!R301,SCE_Q1_2025!R302,SCE_Q1_2025!R303,SCE_Q1_2025!R304,SCE_Q1_2025!R305,SCE_Q1_2025!R306,SCE_Q1_2025!R307,SCE_Q1_2025!R308,SCE_Q1_2025!R309,SCE_Q1_2025!R310,SCE_Q1_2025!R311,SCE_Q1_2025!R312) -> 2327 | D72: =SUM(SCE_Q1_2025!Q175,SCE_Q1_2025!Q176,SCE_Q1_2025!Q177,SCE_Q1_2025!Q179,SCE_Q1_2025!Q181,SCE_Q1_2025!Q182,SCE_Q1_2025!Q184,SCE_Q1_2025!Q186,SCE_Q1_2025!Q197,SCE_Q1_2025!Q199,SCE_Q1_2025!Q200,SCE_Q1_2025!Q201,SCE_Q1_2025!Q203,SCE_Q1_2025!Q206,SCE_Q1_2025!Q208,SCE_Q1_2025!Q218,SCE_Q1_2025!Q219,SCE_Q1_2025!Q220,SCE_Q1_2025!Q222,SCE_Q1_2025!Q223,SCE_Q1_2025!Q224,SCE_Q1_2025!Q225,SCE_Q1_2025!Q226,SCE_Q1_2025!Q227,SCE_Q1_2025!Q229,SCE_Q1_2025!Q230,SCE_Q1_2025!Q231)+SUM(SCE_Q1_2025!R175,SCE_Q1_2025!R176,SCE_Q1_2025!R177,SCE_Q1_2025!R179,SCE_Q1_2025!R181,SCE_Q1_2025!R182,SCE_Q1_2025!R184,SCE_Q1_2025!R186,SCE_Q1_2025!R197,SCE_Q1_2025!R199,SCE_Q1_2025!R200,SCE_Q1_2025!R201,SCE_Q1_2025!R203,SCE_Q1_2025!R206,SCE_Q1_2025!R208,SCE_Q1_2025!R218,SCE_Q1_2025!R219,SCE_Q1_2025!R220,SCE_Q1_2025!R222,SCE_Q1_2025!R223,SCE_Q1_2025!R224,SCE_Q1_2025!R225,SCE_Q1_2025!R226,SCE_Q1_2025!R227,SCE_Q1_2025!R229,SCE_Q1_2025!R230,SCE_Q1_2025!R231) -> 95 | E72: =C72+D72 -> 2422 | F72: =D72/E72 -> 0.039223782
A73: Upgrade | B73: Commerical/Industrial | C73: =SUM(SCE_Q1_2025!Q235,SCE_Q1_2025!Q236,SCE_Q1_2025!Q237,SCE_Q1_2025!Q238,SCE_Q1_2025!Q239,SCE_Q1_2025!Q240,SCE_Q1_2025!Q241,SCE_Q1_2025!Q242,SCE_Q1_2025!Q262,SCE_Q1_2025!Q263,SCE_Q1_2025!Q264,SCE_Q1_2025!Q265,SCE_Q1_2025!Q266,SCE_Q1_2025!Q267,SCE_Q1_2025!Q268,SCE_Q1_2025!Q288,SCE_Q1_2025!Q289,SCE_Q1_2025!Q290,SCE_Q1_2025!Q291,SCE_Q1_2025!Q292,SCE_Q1_2025!Q293,SCE_Q1_2025!Q294,SCE_Q1_2025!Q295,SCE_Q1_2025!Q296)+SUM(SCE_Q1_2025!R235,SCE_Q1_2025!R236,SCE_Q1_2025!R237,SCE_Q1_2025!R238,SCE_Q1_2025!R239,SCE_Q1_2025!R240,SCE_Q1_2025!R241,SCE_Q1_2025!R242,SCE_Q1_2025!R262,SCE_Q1_2025!R263,SCE_Q1_2025!R264,SCE_Q1_2025!R265,SCE_Q1_2025!R266,SCE_Q1_2025!R267,SCE_Q1_2025!R268,SCE_Q1_2025!R288,SCE_Q1_2025!R289,SCE_Q1_2025!R290,SCE_Q1_2025!R291,SCE_Q1_2025!R292,SCE_Q1_2025!R293,SCE_Q1_2025!R294,SCE_Q1_2025!R295,SCE_Q1_2025!R296) -> 203 | D73: =SUM(SCE_Q1_2025!Q170,SCE_Q1_2025!Q171,SCE_Q1_2025!Q172,SCE_Q1_2025!Q173,SCE_Q1_2025!Q174,SCE_Q1_2025!Q190,SCE_Q1_2025!Q191,SCE_Q1_2025!Q192,SCE_Q1_2025!Q193,SCE_Q1_2025!Q194,SCE_Q1_2025!Q195,SCE_Q1_2025!Q196,SCE_Q1_2025!Q211,SCE_Q1_2025!Q212,SCE_Q1_2025!Q213,SCE_Q1_2025!Q214,SCE_Q1_2025!Q215,SCE_Q1_2025!Q216,SCE_Q1_2025!Q217)+SUM(SCE_Q1_2025!R170,SCE_Q1_2025!R171,SCE_Q1_2025!R172,SCE_Q1_2025!R173,SCE_Q1_2025!R174,SCE_Q1_2025!R190,SCE_Q1_2025!R191,SCE_Q1_2025!R192,SCE_Q1_2025!R193,SCE_Q1_2025!R194,SCE_Q1_2025!R195,SCE_Q1_2025!R196,SCE_Q1_2025!R211,SCE_Q1_2025!R212,SCE_Q1_2025!R213,SCE_Q1_2025!R214,SCE_Q1_2025!R215,SCE_Q1_2025!R216,SCE_Q1_2025!R217) -> 72 | E73: =C73+D73 -> 275 | F73: =D73/E73 -> 0.26181818
A74: Upgrade | B74: Agriculture | C74: =SUM(SCE_Q1_2025!Q233,SCE_Q1_2025!Q234,SCE_Q1_2025!Q261,SCE_Q1_2025!Q285,SCE_Q1_2025!Q286)+SUM(SCE_Q1_2025!R233,SCE_Q1_2025!R234,SCE_Q1_2025!R261,SCE_Q1_2025!R285,SCE_Q1_2025!R286) -> 5 | D74: =SUM(SCE_Q1_2025!Q168,SCE_Q1_2025!Q169,SCE_Q1_2025!Q189,SCE_Q1_2025!Q209)+SUM(SCE_Q1_2025!R168,SCE_Q1_2025!R169,SCE_Q1_2025!R189,SCE_Q1_2025!R209) -> 24 | E74: =C74+D74 -> 29 | F74: =D74/E74 -> 0.82758621
A75: New Construction | B75: Residential | C75: =SUM(SCE_Q1_2025!Q98,SCE_Q1_2025!Q99,SCE_Q1_2025!Q100,SCE_Q1_2025!Q101,SCE_Q1_2025!Q102,SCE_Q1_2025!Q103,SCE_Q1_2025!Q104,SCE_Q1_2025!Q105,SCE_Q1_2025!Q106,SCE_Q1_2025!Q108,SCE_Q1_2025!Q111,SCE_Q1_2025!Q110,SCE_Q1_2025!Q112,SCE_Q1_2025!Q125,SCE_Q1_2025!Q127,SCE_Q1_2025!Q129,SCE_Q1_2025!Q130,SCE_Q1_2025!Q131,SCE_Q1_2025!Q132,SCE_Q1_2025!Q133,SCE_Q1_2025!Q135,SCE_Q1_2025!Q137,SCE_Q1_2025!Q139,SCE_Q1_2025!Q152,SCE_Q1_2025!Q154,SCE_Q1_2025!Q155,SCE_Q1_2025!Q156,SCE_Q1_2025!Q157,SCE_Q1_2025!Q158,SCE_Q1_2025!Q159,SCE_Q1_2025!Q160,SCE_Q1_2025!Q162,SCE_Q1_2025!Q164,SCE_Q1_2025!Q166)+SUM(SCE_Q1_2025!R98,SCE_Q1_2025!R99,SCE_Q1_2025!R100,SCE_Q1_2025!R101,SCE_Q1_2025!R102,SCE_Q1_2025!R103,SCE_Q1_2025!R104,SCE_Q1_2025!R105,SCE_Q1_2025!R106,SCE_Q1_2025!R108,SCE_Q1_2025!R111,SCE_Q1_2025!R110,SCE_Q1_2025!R112,SCE_Q1_2025!R125,SCE_Q1_2025!R127,SCE_Q1_2025!R129,SCE_Q1_2025!R130,SCE_Q1_2025!R131,SCE_Q1_2025!R132,SCE_Q1_2025!R133,SCE_Q1_2025!R135,SCE_Q1_2025!R137,SCE_Q1_2025!R139,SCE_Q1_2025!R152,SCE_Q1_2025!R154,SCE_Q1_2025!R155,SCE_Q1_2025!R156,SCE_Q1_2025!R157,SCE_Q1_2025!R158,SCE_Q1_2025!R159,SCE_Q1_2025!R160,SCE_Q1_2025!R162,SCE_Q1_2025!R164,SCE_Q1_2025!R166) -> 911 | D75: =SUM(SCE_Q1_2025!Q14,SCE_Q1_2025!Q15,SCE_Q1_2025!Q16,SCE_Q1_2025!Q17,SCE_Q1_2025!Q18,SCE_Q1_2025!Q19,SCE_Q1_2025!Q20,SCE_Q1_2025!Q22,SCE_Q1_2025!Q23,SCE_Q1_2025!Q24,SCE_Q1_2025!Q25,SCE_Q1_2025!Q26,SCE_Q1_2025!Q28,SCE_Q1_2025!Q29,SCE_Q1_2025!Q41,SCE_Q1_2025!Q42,SCE_Q1_2025!Q43,SCE_Q1_2025!Q44,SCE_Q1_2025!Q45,SCE_Q1_2025!Q47,SCE_Q1_2025!Q48,SCE_Q1_2025!Q49,SCE_Q1_2025!Q51,SCE_Q1_2025!Q52,SCE_Q1_2025!Q53,SCE_Q1_2025!Q55,SCE_Q1_2025!Q56,SCE_Q1_2025!Q70,SCE_Q1_2025!Q71,SCE_Q1_2025!Q72,SCE_Q1_2025!Q73,SCE_Q1_2025!Q74,SCE_Q1_2025!Q75,SCE_Q1_2025!Q76,SCE_Q1_2025!Q77,SCE_Q1_2025!Q78,SCE_Q1_2025!Q80,SCE_Q1_2025!Q81,SCE_Q1_2025!Q82,SCE_Q1_2025!Q84)+SUM(SCE_Q1_2025!R14,SCE_Q1_2025!R15,SCE_Q1_2025!R16,SCE_Q1_2025!R17,SCE_Q1_2025!R18,SCE_Q1_2025!R19,SCE_Q1_2025!R20,SCE_Q1_2025!R22,SCE_Q1_2025!R23,SCE_Q1_2025!R24,SCE_Q1_2025!R25,SCE_Q1_2025!R26,SCE_Q1_2025!R28,SCE_Q1_2025!R29,SCE_Q1_2025!R41,SCE_Q1_2025!R42,SCE_Q1_2025!R43,SCE_Q1_2025!R44,SCE_Q1_2025!R45,SCE_Q1_2025!R47,SCE_Q1_2025!R48,SCE_Q1_2025!R49,SCE_Q1_2025!R51,SCE_Q1_2025!R52,SCE_Q1_2025!R53,SCE_Q1_2025!R55,SCE_Q1_2025!R56,SCE_Q1_2025!R70,SCE_Q1_2025!R71,SCE_Q1_2025!R72,SCE_Q1_2025!R73,SCE_Q1_2025!R74,SCE_Q1_2025!R75,SCE_Q1_2025!R76,SCE_Q1_2025!R77,SCE_Q1_2025!R78,SCE_Q1_2025!R80,SCE_Q1_2025!R81,SCE_Q1_2025!R82,SCE_Q1_2025!R84) -> 867 | E75: =C75+D75 -> 1778 | F75: =D75/E75 -> 0.48762655
A76: New Construction | B76: Commerical/Industrial | C76: =SUM(SCE_Q1_2025!Q90,SCE_Q1_2025!Q91,SCE_Q1_2025!Q92,SCE_Q1_2025!Q93,SCE_Q1_2025!Q94,SCE_Q1_2025!Q95,SCE_Q1_2025!Q96,SCE_Q1_2025!Q97,SCE_Q1_2025!Q117,SCE_Q1_2025!Q118,SCE_Q1_2025!Q119,SCE_Q1_2025!Q120,SCE_Q1_2025!Q121,SCE_Q1_2025!Q122,SCE_Q1_2025!Q123,SCE_Q1_2025!Q124,SCE_Q1_2025!Q144,SCE_Q1_2025!Q145,SCE_Q1_2025!Q146,SCE_Q1_2025!Q147,SCE_Q1_2025!Q148,SCE_Q1_2025!Q149,SCE_Q1_2025!Q150,SCE_Q1_2025!Q151)+SUM(SCE_Q1_2025!R90,SCE_Q1_2025!R91,SCE_Q1_2025!R92,SCE_Q1_2025!R93,SCE_Q1_2025!R94,SCE_Q1_2025!R95,SCE_Q1_2025!R96,SCE_Q1_2025!R97,SCE_Q1_2025!R117,SCE_Q1_2025!R118,SCE_Q1_2025!R119,SCE_Q1_2025!R120,SCE_Q1_2025!R121,SCE_Q1_2025!R122,SCE_Q1_2025!R123,SCE_Q1_2025!R124,SCE_Q1_2025!R144,SCE_Q1_2025!R145,SCE_Q1_2025!R146,SCE_Q1_2025!R147,SCE_Q1_2025!R148,SCE_Q1_2025!R149,SCE_Q1_2025!R150,SCE_Q1_2025!R151) -> 363 | D76: =SUM(SCE_Q1_2025!Q6,SCE_Q1_2025!Q7,SCE_Q1_2025!Q8,SCE_Q1_2025!Q9,SCE_Q1_2025!Q10,SCE_Q1_2025!Q11,SCE_Q1_2025!Q12,SCE_Q1_2025!Q13,SCE_Q1_2025!Q33,SCE_Q1_2025!Q34,SCE_Q1_2025!Q35,SCE_Q1_2025!Q36,SCE_Q1_2025!Q37,SCE_Q1_2025!Q38,SCE_Q1_2025!Q39,SCE_Q1_2025!Q40,SCE_Q1_2025!Q62,SCE_Q1_2025!Q63,SCE_Q1_2025!Q64,SCE_Q1_2025!Q65,SCE_Q1_2025!Q66,SCE_Q1_2025!Q67,SCE_Q1_2025!Q68,SCE_Q1_2025!Q69)+SUM(SCE_Q1_2025!R6,SCE_Q1_2025!R7,SCE_Q1_2025!R8,SCE_Q1_2025!R9,SCE_Q1_2025!R10,SCE_Q1_2025!R11,SCE_Q1_2025!R12,SCE_Q1_2025!R13,SCE_Q1_2025!R33,SCE_Q1_2025!R34,SCE_Q1_2025!R35,SCE_Q1_2025!R36,SCE_Q1_2025!R37,SCE_Q1_2025!R38,SCE_Q1_2025!R39,SCE_Q1_2025!R40,SCE_Q1_2025!R62,SCE_Q1_2025!R63,SCE_Q1_2025!R64,SCE_Q1_2025!R65,SCE_Q1_2025!R66,SCE_Q1_2025!R67,SCE_Q1_2025!R68,SCE_Q1_2025!R69) -> 473 | E76: =C76+D76 -> 836 | F76: =D76/E76 -> 0.56578947
A77: New Construction | B77: Agriculture | C77: =SUM(SCE_Q1_2025!Q86,SCE_Q1_2025!Q89,SCE_Q1_2025!Q116,SCE_Q1_2025!Q141,SCE_Q1_2025!Q142)+SUM(SCE_Q1_2025!R86,SCE_Q1_2025!R89,SCE_Q1_2025!R116,SCE_Q1_2025!R141,SCE_Q1_2025!R142) -> 11 | D77: =SUM(SCE_Q1_2025!Q3,SCE_Q1_2025!Q4,SCE_Q1_2025!Q5,SCE_Q1_2025!Q30,SCE_Q1_2025!Q31,SCE_Q1_2025!Q32,SCE_Q1_2025!Q57,SCE_Q1_2025!Q59,SCE_Q1_2025!Q60,SCE_Q1_2025!Q61)+SUM(SCE_Q1_2025!R3,SCE_Q1_2025!R4,SCE_Q1_2025!R5,SCE_Q1_2025!R30,SCE_Q1_2025!R31,SCE_Q1_2025!R32,SCE_Q1_2025!R57,SCE_Q1_2025!R59,SCE_Q1_2025!R60,SCE_Q1_2025!R61) -> 19 | E77: =C77+D77 -> 30 | F77: =D77/E77 -> 0.63333333

Sheet Summary_Q1_Data_IOU
A3: Q1-2025 - Total Electric Line Extension Applications (IOU Installed)
A4: Type of Construction | B4: Customer Class | C4: Mixed Fuel | D4: All-Electric | E4: Total | F4: Percent All-Electric
A5: PG&E
A6: Upgrade | B6: Residential | C6: =C36 -> 4 | D6: =D36 -> 102 | E6: =E36 -> 106 | F6: =F36 -> 0.96226415
A7: Upgrade | B7: Commercial | C7: =C37 -> 1 | D7: =D37 -> 37 | E7: =E37 -> 38 | F7: =F37 -> 0.97368421
A8: New Construction | B8: Agency (City, County, Caltrans) | C8: =C43 -> 3 | D8: =D43 -> 182 | E8: =E43 -> 185 | F8: =F43 -> 0.98378378
A9: New Construction | B9: Industrial | C9: =C44 -> 6 | D9: =D44 -> 64 | E9: =E44 -> 70 | F9: =F44 -> 0.91428571
A10: New Construction | B10: Mixed Use (Commercial / Residential) | C10: =C45 -> 15 | D10: =D45 -> 66 | E10: =E45 -> 81 | F10: =F45 -> 0.81481481
A11: New Construction | B11: Commercial | C11: =C46 -> 86 | D11: =D46 -> 526 | E11: =E46 -> 612 | F11: =F46 -> 0.85947712
A12: New Construction | B12: Residential | C12: =C47 -> 722 | D12: =D47 -> 1951 | E12: =E47 -> 2673 | F12: =F47 -> 0.72989151
A13: SDGE
A14: Upgrade | B14: Commerical | C14: =C57 -> 62 | D14: =D57 -> 2515 | E14: =E57 -> 2577 | F14: =F57 -> 0.97594102
A15: Upgrade | B15: Residential | C15: =C58 -> 605 | D15: =D58 -> 257 | E15: =E58 -> 862 | F15: =F58 -> 0.29814385
A16: New Construction | B16: Commerical | C16: =C61 -> 167 | D16: =D61 -> 498 | E16: =E61 -> 665 | F16: =F61 -> 0.74887218
A17: New Construction | B17: Residential | C17: =C62 -> 583 | D17: =D62 -> 1063 | E17: =E62 -> 1646 | F17: =F62 -> 0.64580802
A18: SCE
A19: Upgrade | B19: Residential | C19: =C72 -> 2326 | D19: =D72 -> 95 | E19: =E72 -> 2421 | F19: =F72 -> 0.039239983
A20: Upgrade | B20: Commerical/Industrial | C20: =C73 -> 203 | D20: =D73 -> 71 | E20: =E73 -> 274 | F20: =F73 -> 0.25912409
A21: Upgrade | B21: Agriculture | C21: =C74 -> 5 | D21: =D74 -> 24 | E21: =E74 -> 29 | F21: =F74 -> 0.82758621
A22: New Construction | B22: Residential | C22: =C75 -> 911 | D22: =D75 -> 788 | E22: =E75 -> 1699 | F22: =F75 -> 0.46380224
A23: New Construction | B23: Commerical/Industrial | C23: =C76 -> 363 | D23: =D76 -> 463 | E23: =E76 -> 826 | F23: =F76 -> 0.56053269
A24: New Construction | B24: Agriculture | C24: =C77 -> 11 | D24: =D77 -> 19 | E24: =E77 -> 30 | F24: =F77 -> 0.63333333
A32: PG&E
A33: Total Electric Line Extension Applications (IOU Installed)
A35: Type of Construction | B35: Customer Class | C35: Mixed Fuel | D35: All-Electric | E35: Total | F35: Percent All-Electric
A36: Upgrade | B36: Residential | C36: =PGE_Q1_2025!Q10+PGE_Q1_2025!Q62 -> 4 | D36: =PGE_Q1_2025!Q86+PGE_Q1_2025!Q87+PGE_Q1_2025!Q95 -> 102 | E36: =C36+D36 -> 106 | F36: =D36/E36 -> 0.96226415
A37: Upgrade | B37: Commercial | C37: =PGE_Q1_2025!Q19 -> 1 | D37: =PGE_Q1_2025!Q34+PGE_Q1_2025!Q44+PGE_Q1_2025!Q53 -> 37 | E37: =C37+D37 -> 38 | F37: =D37/E37 -> 0.97368421
A38: Upgrade | B38: Agency (City, County, Caltrans) | D38: =PGE_Q1_2025!Q42+PGE_Q1_2025!Q67 -> 2 | E38: =C38+D38 -> 2 | F38: =D38/E38 -> 1
A39: Upgrade | B39: Agricultural | D39: =PGE_Q1_2025!Q43+PGE_Q1_2025!Q63 -> 4 | E39: =C39+D39 -> 4 | F39: =D39/E39 -> 1
A40: Upgrade | B40: Mixed Use (Commercial / Residential) | D40: =PGE_Q1_2025!Q64+PGE_Q1_2025!Q65+PGE_Q1_2025!Q73 -> 32 | E40: =C40+D40 -> 32 | F40: =D40/E40 -> 1
A41: Upgrade | B41: Telecommunications | D41: =PGE_Q1_2025!Q66+PGE_Q1_2025!Q72+PGE_Q1_2025!Q74 -> 60 | E41: =C41+D41 -> 60 | F41: =D41/E41 -> 1
A42: Upgrade | B42: Street and Outdoor area Lighting | D42: =PGE_Q1_2025!Q78 -> 4 | E42: =C42+D42 -> 4 | F42: =D42/E42 -> 1
A43: New Construction | B43: Agency (City, County, Caltrans) | C43: =PGE_Q1_2025!Q56+PGE_Q1_2025!Q57+PGE_Q1_2025!Q68 -> 3 | D43: =PGE_Q1_2025!Q89+PGE_Q1_2025!Q99+PGE_Q1_2025!Q100 -> 182 | E43: =C43+D43 -> 185 | F43: =D43/E43 -> 0.98378378
A44: New Construction | B44: Industrial | C44: =PGE_Q1_2025!Q58+PGE_Q1_2025!Q69+PGE_Q1_2025!Q71 -> 6 | D44: =PGE_Q1_2025!Q77+PGE_Q1_2025!Q81+PGE_Q1_2025!Q82 -> 64 | E44: =C44+D44 -> 70 | F44: =D44/E44 -> 0.91428571
A45: New Construction | B45: Mixed Use (Commercial / Residential) | C45: =PGE_Q1_2025!Q70+PGE_Q1_2025!Q75+PGE_Q1_2025!Q79 -> 15 | D45: =PGE_Q1_2025!Q80+PGE_Q1_2025!Q83+PGE_Q1_2025!Q85 -> 66 | E45: =C45+D45 -> 81 | F45: =D45/E45 -> 0.81481481
A46: New Construction | B46: Commercial | C46: =PGE_Q1_2025!Q88+PGE_Q1_2025!Q90+PGE_Q1_2025!Q101 -> 86 | D46: =PGE_Q1_2025!Q102+PGE_Q1_2025!Q104+PGE_Q1_2025!Q105 -> 526 | E46: =C46+D46 -> 612 | F46: =D46/E46 -> 0.85947712
A47: New Construction | B47: Residential | C47: =PGE_Q1_2025!Q103+PGE_Q1_2025!Q107+PGE_Q1_2025!Q106 -> 722 | D47: =PGE_Q1_2025!Q108+PGE_Q1_2025!Q109+PGE_Q1_2025!Q110 -> 1951 | E47: =C47+D47 -> 2673 | F47: =D47/E47 -> 0.72989151
A48: New Construction | B48: Agricultural | D48: =PGE_Q1_2025!Q91+PGE_Q1_2025!Q93+PGE_Q1_2025!Q97 -> 259 | E48: =C48+D48 -> 259 | F48: =D48/E48 -> 1
A49: New Construction | B49: Street and Outdoor area Lighting | D49: =PGE_Q1_2025!Q76+PGE_Q1_2025!Q84+PGE_Q1_2025!Q98 -> 46 | E49: =C49+D49 -> 46 | F49: =D49/E49 -> 1
A50: New Construction | B50: Telecommunications | D50: =PGE_Q1_2025!Q92+PGE_Q1_2025!Q94+PGE_Q1_2025!Q96 -> 267 | E50: =C50+D50 -> 267 | F50: =D50/E50 -> 1
A53: SDGE
A54: Total Electric Line Extension Applications (IOU Installed)
A56: Type of Construction | B56: Customer Class | C56: Mixed Fuel | D56: All-Electric | E56: Total | F56: Percent All-Electric
A57: Upgrade | B57: Commerical | C57: =SDGE_Q1_2025!Q47+SDGE_Q1_2025!Q50+SDGE_Q1_2025!Q97+SDGE_Q1_2025!Q148+SDGE_Q1_2025!Q178+SDGE_Q1_2025!Q181 -> 62 | D57: =SDGE_Q1_2025!Q32+SDGE_Q1_2025!Q33+SDGE_Q1_2025!Q35+SDGE_Q1_2025!Q36+SDGE_Q1_2025!Q37+SDGE_Q1_2025!Q39+SDGE_Q1_2025!Q41+SDGE_Q1_2025!Q42+SDGE_Q1_2025!Q43+SDGE_Q1_2025!Q84+SDGE_Q1_2025!Q86+SDGE_Q1_2025!Q87+SDGE_Q1_2025!Q88+SDGE_Q1_2025!Q89+SDGE_Q1_2025!Q91+SDGE_Q1_2025!Q92+SDGE_Q1_2025!Q94+SDGE_Q1_2025!Q137+SDGE_Q1_2025!Q139+SDGE_Q1_2025!Q140+SDGE_Q1_2025!Q141+SDGE_Q1_2025!Q142+SDGE_Q1_2025!Q144+SDGE_Q1_2025!Q145+SDGE_Q1_2025!Q154+SDGE_Q1_2025!Q155+SDGE_Q1_2025!Q156+SDGE_Q1_2025!Q159+SDGE_Q1_2025!Q160+SDGE_Q1_2025!Q161+SDGE_Q1_2025!Q162+SDGE_Q1_2025!Q163+SDGE_Q1_2025!Q168+SDGE_Q1_2025!Q169+SDGE_Q1_2025!Q170+SDGE_Q1_2025!Q171+SDGE_Q1_2025!Q172+SDGE_Q1_2025!Q173+SDGE_Q1_2025!Q174 -> 2515 | E57: =SUM(C57:D57) -> 2577 | F57: =D57/E57 -> 0.97594102
A58: Upgrade | B58: Residential | C58: =SDGE_Q1_2025!Q48+SDGE_Q1_2025!Q49+SDGE_Q1_2025!Q51+SDGE_Q1_2025!Q98+SDGE_Q1_2025!Q99+SDGE_Q1_2025!Q101+SDGE_Q1_2025!Q149+SDGE_Q1_2025!Q150+SDGE_Q1_2025!Q151+SDGE_Q1_2025!Q175+SDGE_Q1_2025!Q176+SDGE_Q1_2025!Q177+SDGE_Q1_2025!Q179+SDGE_Q1_2025!Q180+SDGE_Q1_2025!Q182+SDGE_Q1_2025!Q183+SDGE_Q1_2025!Q184 -> 605 | D58: =SUM(SDGE_Q1_2025!Q31,SDGE_Q1_2025!Q34,SDGE_Q1_2025!Q38,SDGE_Q1_2025!Q40,SDGE_Q1_2025!Q81,SDGE_Q1_2025!Q85,SDGE_Q1_2025!Q90,SDGE_Q1_2025!Q93,SDGE_Q1_2025!Q134,SDGE_Q1_2025!Q136,SDGE_Q1_2025!Q138,SDGE_Q1_2025!Q143,SDGE_Q1_2025!Q153,SDGE_Q1_2025!Q158,SDGE_Q1_2025!Q164,SDGE_Q1_2025!Q165,SDGE_Q1_2025!Q166) -> 257 | E58: =SUM(C58:D58) -> 862 | F58: =D58/E58 -> 0.29814385
A59: Upgrade | B59: Agriculture | D59: =SUM(SDGE_Q1_2025!Q83,SDGE_Q1_2025!Q152,SDGE_Q1_2025!Q157) -> 2 | E59: =SUM(C59:D59) -> 2 | F59: =D59/E59 -> 1
A60: Upgrade | B60: Industrial | D60: =SDGE_Q1_2025!Q167 -> 1 | E60: =SUM(C60:D60) -> 1 | F60: =D60/E60 -> 1
A61: New Construction | B61: Commerical | C61: =SUM(SDGE_Q1_2025!Q21,SDGE_Q1_2025!Q26,SDGE_Q1_2025!Q70,SDGE_Q1_2025!Q77,SDGE_Q1_2025!Q125,SDGE_Q1_2025!Q130,SDGE_Q1_2025!Q208,SDGE_Q1_2025!Q209,SDGE_Q1_2025!Q210,SDGE_Q1_2025!Q211,SDGE_Q1_2025!Q212,SDGE_Q1_2025!Q213,SDGE_Q1_2025!Q214) -> 167 | D61: =SUM(SDGE_Q1_2025!Q2,SDGE_Q1_2025!Q4,SDGE_Q1_2025!Q7,SDGE_Q1_2025!Q11,SDGE_Q1_2025!Q52,SDGE_Q1_2025!Q55,SDGE_Q1_2025!Q59,SDGE_Q1_2025!Q62,SDGE_Q1_2025!Q102,SDGE_Q1_2025!Q104,SDGE_Q1_2025!Q108,SDGE_Q1_2025!Q115,SDGE_Q1_2025!Q186,SDGE_Q1_2025!Q187,SDGE_Q1_2025!Q188,SDGE_Q1_2025!Q189,SDGE_Q1_2025!Q190,SDGE_Q1_2025!Q191,SDGE_Q1_2025!Q192,SDGE_Q1_2025!Q193,SDGE_Q1_2025!Q194,SDGE_Q1_2025!Q195,SDGE_Q1_2025!Q196,SDGE_Q1_2025!Q197) -> 498 | E61: =SUM(C61:D61) -> 665 | F61: =D61/E61 -> 0.74887218
A62: New Construction | B62: Residential | C62: =SUM(SDGE_Q1_2025!Q17,SDGE_Q1_2025!Q23,SDGE_Q1_2025!Q24,SDGE_Q1_2025!Q25,SDGE_Q1_2025!Q27,SDGE_Q1_2025!Q29,SDGE_Q1_2025!Q28,SDGE_Q1_2025!Q65,SDGE_Q1_2025!Q67,SDGE_Q1_2025!Q72,SDGE_Q1_2025!Q73,SDGE_Q1_2025!Q74,SDGE_Q1_2025!Q78,SDGE_Q1_2025!Q80,SDGE_Q1_2025!Q79,SDGE_Q1_2025!Q121,SDGE_Q1_2025!Q123,SDGE_Q1_2025!Q124,SDGE_Q1_2025!Q126,SDGE_Q1_2025!Q127,SDGE_Q1_2025!Q128,SDGE_Q1_2025!Q131,SDGE_Q1_2025!Q133,SDGE_Q1_2025!Q215,SDGE_Q1_2025!Q216,SDGE_Q1_2025!Q217,SDGE_Q1_2025!Q218,SDGE_Q1_2025!Q219,SDGE_Q1_2025!Q220) -> 583 | D62: =SUM(SDGE_Q1_2025!Q3,SDGE_Q1_2025!Q5,SDGE_Q1_2025!Q6,SDGE_Q1_2025!Q8,SDGE_Q1_2025!Q9,SDGE_Q1_2025!Q10,SDGE_Q1_2025!Q12,SDGE_Q1_2025!Q13,SDGE_Q1_2025!Q14,SDGE_Q1_2025!Q53,SDGE_Q1_2025!Q54,SDGE_Q1_2025!Q56,SDGE_Q1_2025!Q57,SDGE_Q1_2025!Q58,SDGE_Q1_2025!Q60,SDGE_Q1_2025!Q61,SDGE_Q1_2025!Q63,SDGE_Q1_2025!Q103,SDGE_Q1_2025!Q105,SDGE_Q1_2025!Q109,SDGE_Q1_2025!Q110,SDGE_Q1_2025!Q111,SDGE_Q1_2025!Q113,SDGE_Q1_2025!Q117,SDGE_Q1_2025!Q118,SDGE_Q1_2025!Q119,SDGE_Q1_2025!Q120,SDGE_Q1_2025!Q199,SDGE_Q1_2025!Q200,SDGE_Q1_2025!Q201,SDGE_Q1_2025!Q202,SDGE_Q1_2025!Q204,SDGE_Q1_2025!Q205,SDGE_Q1_2025!Q207,SDGE_Q1_2025!Q203,SDGE_Q1_2025!Q206) -> 1063 | E62: =SUM(C62:D62) -> 1646 | F62: =D62/E62 -> 0.64580802
A63: New Construction | B63: Agriculture | D63: =SUM(SDGE_Q1_2025!Q114+SDGE_Q1_2025!Q185) -> 1 | E63: =SUM(C63:D63) -> 1 | F63: =D63/E63 -> 1
A64: New Construction | B64: Industrial | D64: =SUM(SDGE_Q1_2025!Q116,SDGE_Q1_2025!Q198) -> 1 | E64: =SUM(C64:D64) -> 1 | F64: =D64/E64 -> 1
A68: SCE
A69: Total Electric Line Extension Applications (IOU Installed)
A71: Type of Construction | B71: Customer Class | C71: Mixed Fuel | D71: All-Electric | E71: Total | F71: Percent All-Electric
A72: Upgrade | B72: Residential | C72: =SUM(SCE_Q1_2025!Q243,SCE_Q1_2025!Q244,SCE_Q1_2025!Q245,SCE_Q1_2025!Q246,SCE_Q1_2025!Q247,SCE_Q1_2025!Q248,SCE_Q1_2025!Q249,SCE_Q1_2025!Q250,SCE_Q1_2025!Q251,SCE_Q1_2025!Q252,SCE_Q1_2025!Q253,SCE_Q1_2025!Q254,SCE_Q1_2025!Q255,SCE_Q1_2025!Q256,SCE_Q1_2025!Q257,SCE_Q1_2025!Q258,SCE_Q1_2025!Q259,SCE_Q1_2025!Q269,SCE_Q1_2025!Q270,SCE_Q1_2025!Q271,SCE_Q1_2025!Q272,SCE_Q1_2025!Q273,SCE_Q1_2025!Q274,SCE_Q1_2025!Q275,SCE_Q1_2025!Q276,SCE_Q1_2025!Q277,SCE_Q1_2025!Q278,SCE_Q1_2025!Q279,SCE_Q1_2025!Q280,SCE_Q1_2025!Q281,SCE_Q1_2025!Q282,SCE_Q1_2025!Q283,SCE_Q1_2025!Q284,SCE_Q1_2025!Q297,SCE_Q1_2025!Q298,SCE_Q1_2025!Q299,SCE_Q1_2025!Q300,SCE_Q1_2025!Q301,SCE_Q1_2025!Q302,SCE_Q1_2025!Q303,SCE_Q1_2025!Q304,SCE_Q1_2025!Q305,SCE_Q1_2025!Q306,SCE_Q1_2025!Q307,SCE_Q1_2025!Q308,SCE_Q1_2025!Q309,SCE_Q1_2025!Q310,SCE_Q1_2025!Q311,SCE_Q1_2025!Q312) -> 2326 | D72: =SUM(SCE_Q1_2025!Q175,SCE_Q1_2025!Q176,SCE_Q1_2025!Q177,SCE_Q1_2025!Q179,SCE_Q1_2025!Q181,SCE_Q1_2025!Q182,SCE_Q1_2025!Q184,SCE_Q1_2025!Q186,SCE_Q1_2025!Q197,SCE_Q1_2025!Q199,SCE_Q1_2025!Q200,SCE_Q1_2025!Q201,SCE_Q1_2025!Q203,SCE_Q1_2025!Q206,SCE_Q1_2025!Q208,SCE_Q1_2025!Q218,SCE_Q1_2025!Q219,SCE_Q1_2025!Q220,SCE_Q1_2025!Q222,SCE_Q1_2025!Q223,SCE_Q1_2025!Q224,SCE_Q1_2025!Q225,SCE_Q1_2025!Q226,SCE_Q1_2025!Q227,SCE_Q1_2025!Q229,SCE_Q1_2025!Q230,SCE_Q1_2025!Q231) -> 95 | E72: =C72+D72 -> 2421 | F72: =D72/E72 -> 0.039239983
A73: Upgrade | B73: Commerical/Industrial | C73: =SUM(SCE_Q1_2025!Q235,SCE_Q1_2025!Q236,SCE_Q1_2025!Q237,SCE_Q1_2025!Q238,SCE_Q1_2025!Q239,SCE_Q1_2025!Q240,SCE_Q1_2025!Q241,SCE_Q1_2025!Q242,SCE_Q1_2025!Q262,SCE_Q1_2025!Q263,SCE_Q1_2025!Q264,SCE_Q1_2025!Q265,SCE_Q1_2025!Q266,SCE_Q1_2025!Q267,SCE_Q1_2025!Q268,SCE_Q1_2025!Q288,SCE_Q1_2025!Q289,SCE_Q1_2025!Q290,SCE_Q1_2025!Q291,SCE_Q1_2025!Q292,SCE_Q1_2025!Q293,SCE_Q1_2025!Q294,SCE_Q1_2025!Q295,SCE_Q1_2025!Q296) -> 203 | D73: =SUM(SCE_Q1_2025!Q170,SCE_Q1_2025!Q171,SCE_Q1_2025!Q172,SCE_Q1_2025!Q173,SCE_Q1_2025!Q174,SCE_Q1_2025!Q190,SCE_Q1_2025!Q191,SCE_Q1_2025!Q192,SCE_Q1_2025!Q193,SCE_Q1_2025!Q194,SCE_Q1_2025!Q195,SCE_Q1_2025!Q196,SCE_Q1_2025!Q211,SCE_Q1_2025!Q212,SCE_Q1_2025!Q213,SCE_Q1_2025!Q214,SCE_Q1_2025!Q215,SCE_Q1_2025!Q216,SCE_Q1_2025!Q217) -> 71 | E73: =C73+D73 -> 274 | F73: =D73/E73 -> 0.25912409
A74: Upgrade | B74: Agriculture | C74: =SUM(SCE_Q1_2025!Q233,SCE_Q1_2025!Q234,SCE_Q1_2025!Q261,SCE_Q1_2025!Q285,SCE_Q1_2025!Q286) -> 5 | D74: =SUM(SCE_Q1_2025!Q168,SCE_Q1_2025!Q169,SCE_Q1_2025!Q189,SCE_Q1_2025!Q209) -> 24 | E74: =C74+D74 -> 29 | F74: =D74/E74 -> 0.82758621
A75: New Construction | B75: Residential | C75: =SUM(SCE_Q1_2025!Q98,SCE_Q1_2025!Q99,SCE_Q1_2025!Q100,SCE_Q1_2025!Q101,SCE_Q1_2025!Q102,SCE_Q1_2025!Q103,SCE_Q1_2025!Q104,SCE_Q1_2025!Q105,SCE_Q1_2025!Q106,SCE_Q1_2025!Q108,SCE_Q1_2025!Q111,SCE_Q1_2025!Q110,SCE_Q1_2025!Q112,SCE_Q1_2025!Q125,SCE_Q1_2025!Q127,SCE_Q1_2025!Q129,SCE_Q1_2025!Q130,SCE_Q1_2025!Q131,SCE_Q1_2025!Q132,SCE_Q1_2025!Q133,SCE_Q1_2025!Q135,SCE_Q1_2025!Q137,SCE_Q1_2025!Q139,SCE_Q1_2025!Q152,SCE_Q1_2025!Q154,SCE_Q1_2025!Q155,SCE_Q1_2025!Q156,SCE_Q1_2025!Q157,SCE_Q1_2025!Q158,SCE_Q1_2025!Q159,SCE_Q1_2025!Q160,SCE_Q1_2025!Q162,SCE_Q1_2025!Q164,SCE_Q1_2025!Q166) -> 911 | D75: =SUM(SCE_Q1_2025!Q14,SCE_Q1_2025!Q15,SCE_Q1_2025!Q16,SCE_Q1_2025!Q17,SCE_Q1_2025!Q18,SCE_Q1_2025!Q19,SCE_Q1_2025!Q20,SCE_Q1_2025!Q22,SCE_Q1_2025!Q23,SCE_Q1_2025!Q24,SCE_Q1_2025!Q25,SCE_Q1_2025!Q26,SCE_Q1_2025!Q28,SCE_Q1_2025!Q29,SCE_Q1_2025!Q41,SCE_Q1_2025!Q42,SCE_Q1_2025!Q43,SCE_Q1_2025!Q44,SCE_Q1_2025!Q45,SCE_Q1_2025!Q47,SCE_Q1_2025!Q48,SCE_Q1_2025!Q49,SCE_Q1_2025!Q51,SCE_Q1_2025!Q52,SCE_Q1_2025!Q53,SCE_Q1_2025!Q55,SCE_Q1_2025!Q56,SCE_Q1_2025!Q70,SCE_Q1_2025!Q71,SCE_Q1_2025!Q72,SCE_Q1_2025!Q73,SCE_Q1_2025!Q74,SCE_Q1_2025!Q75,SCE_Q1_2025!Q76,SCE_Q1_2025!Q77,SCE_Q1_2025!Q78,SCE_Q1_2025!Q80,SCE_Q1_2025!Q81,SCE_Q1_2025!Q82,SCE_Q1_2025!Q84) -> 788 | E75: =C75+D75 -> 1699 | F75: =D75/E75 -> 0.46380224
A76: New Construction | B76: Commerical/Industrial | C76: =SUM(SCE_Q1_2025!Q90,SCE_Q1_2025!Q91,SCE_Q1_2025!Q92,SCE_Q1_2025!Q93,SCE_Q1_2025!Q94,SCE_Q1_2025!Q95,SCE_Q1_2025!Q96,SCE_Q1_2025!Q97,SCE_Q1_2025!Q117,SCE_Q1_2025!Q118,SCE_Q1_2025!Q119,SCE_Q1_2025!Q120,SCE_Q1_2025!Q121,SCE_Q1_2025!Q122,SCE_Q1_2025!Q123,SCE_Q1_2025!Q124,SCE_Q1_2025!Q144,SCE_Q1_2025!Q145,SCE_Q1_2025!Q146,SCE_Q1_2025!Q147,SCE_Q1_2025!Q148,SCE_Q1_2025!Q149,SCE_Q1_2025!Q150,SCE_Q1_2025!Q151) -> 363 | D76: =SUM(SCE_Q1_2025!Q6,SCE_Q1_2025!Q7,SCE_Q1_2025!Q8,SCE_Q1_2025!Q9,SCE_Q1_2025!Q10,SCE_Q1_2025!Q11,SCE_Q1_2025!Q12,SCE_Q1_2025!Q13,SCE_Q1_2025!Q33,SCE_Q1_2025!Q34,SCE_Q1_2025!Q35,SCE_Q1_2025!Q36,SCE_Q1_2025!Q37,SCE_Q1_2025!Q38,SCE_Q1_2025!Q39,SCE_Q1_2025!Q40,SCE_Q1_2025!Q62,SCE_Q1_2025!Q63,SCE_Q1_2025!Q64,SCE_Q1_2025!Q65,SCE_Q1_2025!Q66,SCE_Q1_2025!Q67,SCE_Q1_2025!Q68,SCE_Q1_2025!Q69) -> 463 | E76: =C76+D76 -> 826 | F76: =D76/E76 -> 0.56053269
A77: New Construction | B77: Agriculture | C77: =SUM(SCE_Q1_2025!Q86,SCE_Q1_2025!Q89,SCE_Q1_2025!Q116,SCE_Q1_2025!Q141,SCE_Q1_2025!Q142) -> 11 | D77: =SUM(SCE_Q1_2025!Q3,SCE_Q1_2025!Q4,SCE_Q1_2025!Q5,SCE_Q1_2025!Q30,SCE_Q1_2025!Q31,SCE_Q1_2025!Q32,SCE_Q1_2025!Q57,SCE_Q1_2025!Q59,SCE_Q1_2025!Q60,SCE_Q1_2025!Q61) -> 19 | E77: =C77+D77 -> 30 | F77: =D77/E77 -> 0.63333333

Sheet Combination
A1: New Construction / Upgrade | B1: Mixed Fuel / All Electric | C1: Months | D1: Customer Class | E1: Baseline / Climate Zone | F1: Multi Dwelling | G1: Total Discounts (Non-Exempted Projects) | H1: Total Allowances (Non-Exempted Projects) | I1: Total Refund Payments Provided to Builders (Non-Exempted Projects) | J1: Total Discounts (Exempted projects) | K1: Total Allowances (Exempted projects) | L1: Total Refund Payments Provided to Builders (Exempted projects) | M1: Total Estimated Non-Refundable | N1: Total Estimated Refundable | O1: Average Number of days between full payment and Project Energization | P1: Total Electric Line Extensions Energized | Q1: Total Electric Line Extension Applications (IOU Installed) | R1: Total Electric Line Extension Applications (Applicant Installed) | S1: IoU | T1: Year
A2: Upgrade | B2: Mixed Fuel | C2: 45689 | D2: Unknown | E2: Unknown | F2: Unknown | G2: 0 | H2: 8533.94 | J2: 0 | K2: 0 | M2: 5383.0484 | N2: 9919.08 | P2: 1 | S2: PG&E | T2: 2025
A3: Upgrade | B3: Mixed Fuel | C3: 45689 | D3: Unknown | E3: Unknown | F3: Unknown | P3: 1 | S3: PG&E | T3: 2025
A4: Upgrade | B4: Mixed Fuel | C4: 45689 | D4: Unknown | E4: Unknown | F4: Unknown | P4: 1 | S4: PG&E | T4: 2025
A5: Upgrade | B5: Mixed Fuel | C5: 45689 | D5: Agency (City, County, Caltrans) | E5: Unknown | F5: Nonresidential | P5: 1 | S5: PG&E | T5: 2025
A6: Upgrade | B6: Mixed Fuel | C6: 45689 | D6: Agriculture | E6: Unknown | F6: Nonresidential | P6: 1 | S6: PG&E | T6: 2025
A7: Upgrade | B7: Mixed Fuel | C7: 45689 | D7: Commercial | E7: Unknown | F7: Nonresidential | P7: 2 | S7: PG&E | T7: 2025
A8: Upgrade | B8: Mixed Fuel | C8: 45689 | D8: Industrial | E8: Unknown | F8: Nonresidential | P8: 1 | S8: PG&E | T8: 2025
A9: Upgrade | B9: Mixed Fuel | C9: 45689 | D9: Mixed Use (Commercial / Residential) | E9: Unknown | F9: Unknown | P9: 1 | S9: PG&E | T9: 2025
A10: Upgrade | B10: Mixed Fuel | C10: 45689 | D10: Residential | E10: Unknown | F10: Unknown | G10: 31937 | H10: 156343.53 | J10: 0 | K10: 0 | M10: 111666.35 | N10: 255414.29 | P10: 11 | Q10: 1 | S10: PG&E | T10: 2025
A11: Upgrade | B11: Mixed Fuel | C11: 45689 | D11: Street and Outdoor area Lighting | E11: Unknown | F11: Nonresidential | P11: 1 | S11: PG&E | T11: 2025
A12: Upgrade | B12: Mixed Fuel | C12: 45689 | D12: Telecommunications | E12: Unknown | F12: Nonresidential | P12: 1 | S12: PG&E | T12: 2025
A13: Upgrade | B13: Mixed Fuel | C13: 45689 | D13: Temporary Services | E13: Unknown | F13: Nonresidential | P13: 1 | S13: PG&E | T13: 2025
A14: Upgrade | B14: Mixed Fuel | C14: 45658 | D14: Unknown | E14: Unknown | F14: Unknown | G14: 0 | H14: 5522.82 | J14: 0 | K14: 0 | M14: 953.956 | N14: 5522.82 | P14: 1 | S14: PG&E | T14: 2025
A15: Upgrade | B15: Mixed Fuel | C15: 45658 | D15: Unknown | E15: Unknown | F15: Unknown | P15: 1 | S15: PG&E | T15: 2025
A16: Upgrade | B16: Mixed Fuel | C16: 45658 | D16: Unknown | E16: Unknown | F16: Unknown | P16: 1 | S16: PG&E | T16: 2025
A17: Upgrade | B17: Mixed Fuel | C17: 45658 | D17: Agency (City, County, Caltrans) | E17: Unknown | F17: Nonresidential | G17: 8548.8476 | H17: 2130.1789 | J17: 0 | K17: 0 | M17: 1691.9108 | N17: 19227.874 | P17: 1 | S17: PG&E | T17: 2025
A18: Upgrade | B18: Mixed Fuel | C18: 45658 | D18: Agriculture | E18: Unknown | F18: Nonresidential | P18: 1 | S18: PG&E | T18: 2025
A19: Upgrade | B19: Mixed Fuel | C19: 45658 | D19: Commercial | E19: Unknown | F19: Nonresidential | G19: 64648.527 | H19: 7515.3577 | J19: 0 | K19: 0 | M19: 18569.465 | N19: 137089.74 | P19: 3 | Q19: 1 | S19: PG&E | T19: 2025
A20: Upgrade | B20: Mixed Fuel | C20: 45658 | D20: Industrial | E20: Unknown | F20: Nonresidential | P20: 1 | S20: PG&E | T20: 2025
A21: Upgrade | B21: Mixed Fuel | C21: 45658 | D21: Mixed Use (Commercial / Residential) | E21: Unknown | F21: Unknown | P21: 1 | S21: PG&E | T21: 2025
A22: Upgrade | B22: Mixed Fuel | C22: 45658 | D22: Street and Outdoor area Lighting | E22: Unknown | F22: Nonresidential | P22: 1 | S22: PG&E | T22: 2025
A23: Upgrade | B23: Mixed Fuel | C23: 45658 | D23: Telecommunications | E23: Unknown | F23: Nonresidential | P23: 1 | S23: PG&E | T23: 2025
A24: Upgrade | B24: Mixed Fuel | C24: 45658 | D24: Temporary Services | E24: Unknown | F24: Nonresidential | P24: 1 | S24: PG&E | T24: 2025
A25: Upgrade | B25: Mixed Fuel | C25: 45717 | D25: Unknown | E25: Unknown | F25: Unknown | G25: 0 | H25: 3255 | J25: 0 | K25: 0 | M25: 4425.1204 | N25: 4896.79 | P25: 1 | S25: PG&E | T25: 2025
A26: Upgrade | B26: Mixed Fuel | C26: 45717 | D26: Agency (City, County, Caltrans) | E26: Unknown | F26: Nonresidential | G26: 31766.718 | H26: 42005.42 | J26: 0 | K26: 0 | M26: 15494.13 | N26: 105538.86 | P26: 1 | S26: PG&E | T26: 2025
A27: Upgrade | B27: Mixed Fuel | C27: 45717 | D27: Commercial | E27: Unknown | F27: Nonresidential | G27: 49847.814 | H27: 0 | J27: 0 | K27: 0 | M27: 5566.1264 | N27: 99695.628 | P27: 3 | S27: PG&E | T27: 2025
A28: Upgrade | B28: Mixed Fuel | C28: 45717 | D28: Residential | E28: Unknown | F28: Unknown | G28: 11973.614 | H28: 67280.45 | J28: 0 | K28: 0 | M28: 154248.96 | N28: 154079.07 | P28: 26 | S28: PG&E | T28: 2025
A29: Upgrade | B29: All Electric | C29: 45689 | D29: Unknown | E29: Unknown | F29: Unknown | G29: 141856.94 | H29: 60385.841 | J29: 0 | K29: 0 | M29: 26727.868 | N29: 345389.64 | P29: 1 | S29: PG&E | T29: 2025
A30: Upgrade | B30: All Electric | C30: 45689 | D30: Unknown | E30: Unknown | F30: Unknown | I30: 32476.71 | L30: 0 | P30: 1 | S30: PG&E | T30: 2025
A31: Upgrade | B31: All Electric | C31: 45689 | D31: Unknown | E31: Unknown | F31: Unknown | P31: 1 | S31: PG&E | T31: 2025
A32: Upgrade | B32: All Electric | C32: 45689 | D32: Unknown | E32: Unknown | F32: Unknown | P32: 1 | S32: PG&E | T32: 2025
A33: Upgrade | B33: All Electric | C33: 45689 | D33: Agency (City, County, Caltrans) | E33: Unknown | F33: Nonresidential | G33: 19272.001 | H33: 5161.5828 | J33: 0 | K33: 0 | M33: 20241.556 | N33: 43705.586 | P33: 3 | S33: PG&E | T33: 2025
A34: Upgrade | B34: All Electric | C34: 45689 | D34: Commercial | E34: Unknown | F34: Nonresidential | G34: 176103.93 | H34: 361069.03 | I34: 110533.13 | J34: 0 | K34: 0 | L34: 0 | M34: 48973.906 | N34: 713276.88 | P34: 21 | Q34: 8 | S34: PG&E | T34: 2025
A35: Upgrade | B35: All Electric | C35: 45689 | D35: Industrial | E35: Unknown | F35: Nonresidential | G35: 65175.425 | H35: 198405.07 | J35: 0 | K35: 0 | M35: 10834.347 | N35: 328755.92 | P35: 2 | S35: PG&E | T35: 2025
A36: Upgrade | B36: All Electric | C36: 45689 | D36: Street and Outdoor area Lighting | E36: Unknown | F36: Nonresidential | J36: 0 | K36: 0 | M36: 71498.555 | P36: 1 | S36: PG&E | T36: 2025
A37: Upgrade | B37: All Electric | C37: 45689 | D37: Temporary Services | E37: Unknown | F37: Nonresidential | P37: 1 | S37: PG&E | T37: 2025
A38: Upgrade | B38: All Electric | C38: 45658 | D38: Unknown | E38: Unknown | F38: Unknown | G38: 27456.272 | H38: 72572.221 | J38: 0 | K38: 0 | M38: 24641.874 | N38: 127484.77 | P38: 1 | S38: PG&E | T38: 2025
A39: Upgrade | B39: All Electric | C39: 45658 | D39: Unknown | E39: Unknown | F39: Unknown | I39: 25433.44 | L39: 0 | P39: 1 | S39: PG&E | T39: 2025
A40: Upgrade | B40: All Electric | C40: 45658 | D40: Unknown | E40: Unknown | F40: Unknown | P40: 1 | S40: PG&E | T40: 2025
A41: Upgrade | B41: All Electric | C41: 45658 | D41: Unknown | E41: Unknown | F41: Unknown | P41: 1 | S41: PG&E | T41: 2025
A42: Upgrade | B42: All Electric | C42: 45658 | D42: Agency (City, County, Caltrans) | E42: Unknown | F42: Nonresidential | G42: 122107.34 | H42: 316910.46 | J42: 0 | K42: 0 | M42: 26607.439 | N42: 561125.13 | P42: 7 | Q42: 1 | S42: PG&E | T42: 2025
A43: Upgrade | B43: All Electric | C43: 45658 | D43: Agriculture | E43: Unknown | F43: Nonresidential | G43: 425497.16 | H43: 372057.86 | I43: 14714.5 | J43: 0 | K43: 0 | L43: 0 | M43: 46854.55 | N43: 1223052.2 | P43: 16 | Q43: 2 | S43: PG&E | T43: 2025
A44: Upgrade | B44: All Electric | C44: 45658 | D44: Commercial | E44: Unknown | F44: Nonresidential | G44: 442428.68 | H44: 505873.31 | I44: 68866.7 | J44: 0 | K44: 0 | L44: 0 | M44: 150652.98 | N44: 1406090.8 | P44: 20 | Q44: 15 | S44: PG&E | T44: 2025
A45: Upgrade | B45: All Electric | C45: 45658 | D45: Industrial | E45: Unknown | F45: Nonresidential | G45: 52770.133 | H45: 84335.206 | J45: 0 | K45: 0 | M45: 6993.6028 | N45: 189875.47 | P45: 4 | S45: PG&E | T45: 2025
A46: Upgrade | B46: All Electric | C46: 45658 | D46: Street and Outdoor area Lighting | E46: Unknown | F46: Nonresidential | G46: 4378.688 | H46: 0 | J46: 0 | K46: 0 | M46: 140285.42 | N46: 8757.376 | P46: 1 | S46: PG&E | T46: 2025
A47: Upgrade | B47: All Electric | C47: 45658 | D47: Temporary Services | E47: Unknown | F47: Nonresidential | P47: 1 | S47: PG&E | T47: 2025
A48: Upgrade | B48: All Electric | C48: 45717 | D48: Unknown | E48: Unknown | F48: Unknown | G48: 216731.42 | H48: 345000.76 | J48: 0 | K48: 0 | M48: 19380.239 | N48: 778463.6 | P48: 1 | S48: PG&E | T48: 2025
A49: Upgrade | B49: All Electric | C49: 45717 | D49: Unknown | E49: Unknown | F49: Unknown | I49: 6091.35 | L49: 0 | P49: 1 | S49: PG&E | T49: 2025
A50: Upgrade | B50: All Electric | C50: 45717 | D50: Unknown | E50: Unknown | F50: Unknown | P50: 1 | S50: PG&E | T50: 2025
A51: Upgrade | B51: All Electric | C51: 45717 | D51: Unknown | E51: Unknown | F51: Unknown | P51: 1 | S51: PG&E | T51: 2025
A52: Upgrade | B52: All Electric | C52: 45717 | D52: Agriculture | E52: Unknown | F52: Nonresidential | G52: 209557.8 | H52: 234708.93 | J52: 0 | K52: 0 | M52: 42223.877 | N52: 653824.54 | P52: 17 | S52: PG&E | T52: 2025
A53: Upgrade | B53: All Electric | C53: 45717 | D53: Commercial | E53: Unknown | F53: Nonresidential | G53: 398860.77 | H53: 846850.9 | I53: 18264.93 | J53: 0 | K53: 0 | L53: 0 | M53: 206783.63 | N53: 1644572.4 | P53: 24 | Q53: 14 | S53: PG&E | T53: 2025
A54: Upgrade | B54: All Electric | C54: 45717 | D54: Industrial | E54: Unknown | F54: Nonresidential | P54: 5 | S54: PG&E | T54: 2025
A55: Upgrade | B55: All Electric | C55: 45717 | D55: Temporary Services | E55: Unknown | F55: Nonresidential | P55: 1 | S55: PG&E | T55: 2025
A56: New Construction | B56: Mixed Fuel | C56: 45658 | D56: Agency (City, County, Caltrans) | E56: Unknown | F56: Nonresidential | G56: 6.8e-13 | H56: 0 | J56: 0 | K56: 0 | M56: 54316.046 | N56: 1.36e-12 | P56: 2 | Q56: 1 | R56: 0 | S56: PG&E | T56: 2025
A57: New Construction | B57: Mixed Fuel | C57: 45717 | D57: Agency (City, County, Caltrans) | E57: Unknown | F57: Nonresidential | G57: 0 | H57: 38588.056 | J57: 0 | K57: 0 | M57: 4406.8488 | N57: 38588.056 | P57: 2 | Q57: 0 | R57: 0 | S57: PG&E | T57: 2025
A58: New Construction | B58: Mixed Fuel | C58: 45717 | D58: Industrial | E58: Unknown | F58: Nonresidential | P58: 4 | Q58: 2 | R58: 0 | S58: PG&E | T58: 2025
A59: New Construction | B59: All Electric | C59: 45689 | D59: Temporary Services | E59: Unknown | F59: Nonresidential | G59: 21357.664 | H59: 53893.449 | J59: 0 | K59: 0 | M59: 55763.254 | N59: 98293.717 | P59: 7 | Q59: 0 | R59: 0 | S59: PG&E | T59: 2025
A60: New Construction | B60: All Electric | C60: 45658 | D60: Temporary Services | E60: Unknown | F60: Nonresidential | G60: 1597.1386 | H60: 13966.17 | J60: 0 | K60: 0 | M60: 23454.485 | N60: 22936.437 | P60: 7 | Q60: 0 | R60: 0 | S60: PG&E | T60: 2025
A61: New Construction | B61: All Electric | C61: 45717 | D61: Temporary Services | E61: Unknown | F61: Nonresidential | G61: 16754.916 | H61: 22267.565 | J61: 0 | K61: 0 | M61: 34194.84 | N61: 67461.797 | P61: 6 | Q61: 0 | R61: 0 | S61: PG&E | T61: 2025
A62: Upgrade | B62: Mixed Fuel | C62: 45658 | D62: Residential | E62: Unknown | F62: Unknown | G62: 8509.3884 | H62: 52833.81 | J62: 0 | K62: 0 | M62: 78866.756 | N62: 97532.877 | P62: 16 | Q62: 3 | R62: 1 | S62: PG&E | T62: 2025
A63: Upgrade | B63: All Electric | C63: 45689 | D63: Agriculture | E63: Unknown | F63: Nonresidential | G63: 431306.47 | H63: 770784.83 | I63: 27733.39 | J63: 0 | K63: 0 | L63: 0 | M63: 68107.108 | N63: 1633402.8 | P63: 16 | Q63: 2 | R63: 1 | S63: PG&E | T63: 2025
A64: Upgrade | B64: All Electric | C64: 45689 | D64: Mixed Use (Commercial / Residential) | E64: Unknown | F64: Unknown | G64: 51353.287 | H64: 14879.76 | J64: 0 | K64: 0 | M64: 163460.55 | N64: 120257.69 | P64: 6 | Q64: 11 | R64: 1 | S64: PG&E | T64: 2025
A65: Upgrade | B65: All Electric | C65: 45658 | D65: Mixed Use (Commercial / Residential) | E65: Unknown | F65: Unknown | G65: 6626.4344 | H65: 80913.883 | J65: 0 | K65: 0 | M65: 16837.548 | N65: 95833.712 | P65: 6 | Q65: 8 | R65: 1 | S65: PG&E | T65: 2025
A66: Upgrade | B66: All Electric | C66: 45658 | D66: Telecommunications | E66: Unknown | F66: Nonresidential | G66: 16999.435 | H66: 2850.9919 | J66: 0 | K66: 0 | M66: 16055.71 | N66: 36849.861 | P66: 1 | Q66: 25 | R66: 1 | S66: PG&E | T66: 2025
A67: Upgrade | B67: All Electric | C67: 45717 | D67: Agency (City, County, Caltrans) | E67: Unknown | F67: Nonresidential | G67: 116840.26 | H67: 71470.45 | J67: 0 | K67: 0 | M67: 72071.543 | N67: 305150.97 | P67: 7 | Q67: 1 | R67: 1 | S67: PG&E | T67: 2025
A68: New Construction | B68: Mixed Fuel | C68: 45689 | D68: Agency (City, County, Caltrans) | E68: Unknown | F68: Nonresidential | G68: 1.86e-12 | H68: 0 | J68: 0 | K68: 0 | M68: 82408.69 | N68: 3.72e-12 | P68: 1 | Q68: 2 | R68: 1 | S68: PG&E | T68: 2025
A69: New Construction | B69: Mixed Fuel | C69: 45689 | D69: Industrial | E69: Unknown | F69: Nonresidential | P69: 1 | Q69: 1 | R69: 1 | S69: PG&E | T69: 2025
A70: New Construction | B70: Mixed Fuel | C70: 45689 | D70: Mixed Use (Commercial / Residential) | E70: Unknown | F70: Unknown | G70: 35182.233 | H70: 24800.175 | I70: 116.98 | J70: 0 | K70: 0 | L70: 0 | M70: 229707.33 | N70: 165991.41 | P70: 5 | Q70: 5 | R70: 1 | S70: PG&E | T70: 2025
A71: New Construction | B71: Mixed Fuel | C71: 45658 | D71: Industrial | E71: Unknown | F71: Nonresidential | P71: 2 | Q71: 3 | R71: 1 | S71: PG&E | T71: 2025
A72: Upgrade | B72: All Electric | C72: 45689 | D72: Telecommunications | E72: Unknown | F72: Nonresidential | G72: 8226.8935 | H72: 2850.9919 | J72: 0 | K72: 0 | M72: 10700.787 | N72: 19304.779 | P72: 4 | Q72: 15 | R72: 2 | S72: PG&E | T72: 2025
A73: Upgrade | B73: All Electric | C73: 45717 | D73: Mixed Use (Commercial / Residential) | E73: Unknown | F73: Unknown | G73: 95629.098 | H73: 75374.607 | J73: 0 | K73: 0 | M73: 14984.008 | N73: 266632.8 | P73: 6 | Q73: 13 | R73: 2 | S73: PG&E | T73: 2025
A74: Upgrade | B74: All Electric | C74: 45717 | D74: Telecommunications | E74: Unknown | F74: Nonresidential | G74: 85173.394 | H74: 7127.4797 | J74: 0 | K74: 0 | M74: 61917.169 | N74: 177474.27 | P74: 3 | Q74: 20 | R74: 2 | S74: PG&E | T74: 2025
A75: New Construction | B75: Mixed Fuel | C75: 45658 | D75: Mixed Use (Commercial / Residential) | E75: Unknown | F75: Unknown | G75: 93063.699 | H75: 35083.84 | J75: 0 | K75: 0 | M75: 25680.782 | N75: 221211.24 | P75: 5 | Q75: 4 | R75: 2 | S75: PG&E | T75: 2025
A76: New Construction | B76: All Electric | C76: 45689 | D76: Street and Outdoor area Lighting | E76: Unknown | F76: Nonresidential | G76: 1633.206 | H76: 712.74797 | J76: 0 | K76: 0 | M76: 37605.604 | N76: 3979.16 | P76: 6 | Q76: 7 | R76: 2 | S76: PG&E | T76: 2025
A77: New Construction | B77: All Electric | C77: 45658 | D77: Industrial | E77: Unknown | F77: Nonresidential | G77: 123128.25 | H77: 109622.79 | J77: 0 | K77: 0 | M77: 81095.702 | N77: 355879.28 | P77: 4 | Q77: 19 | R77: 2 | S77: PG&E | T77: 2025
A78: Upgrade | B78: All Electric | C78: 45717 | D78: Street and Outdoor area Lighting | E78: Unknown | F78: Nonresidential | J78: 0 | K78: 0 | M78: 13334.679 | P78: 1 | Q78: 4 | R78: 3 | S78: PG&E | T78: 2025
A79: New Construction | B79: Mixed Fuel | C79: 45717 | D79: Mixed Use (Commercial / Residential) | E79: Unknown | F79: Unknown | G79: 32802.132 | H79: 2130.1789 | I79: 26905.65 | J79: 0 | K79: 0 | L79: 0 | M79: 4858.9888 | N79: 67734.442 | P79: 1 | Q79: 6 | R79: 4 | S79: PG&E | T79: 2025
A80: New Construction | B80: All Electric | C80: 45689 | D80: Mixed Use (Commercial / Residential) | E80: Unknown | F80: Unknown | G80: 2396245.5 | H80: 634365.83 | I80: 0.21 | J80: 0 | K80: 0 | L80: 0 | M80: 632061.67 | N80: 5426856.9 | P80: 8 | Q80: 21 | R80: 4 | S80: PG&E | T80: 2025
A81: New Construction | B81: All Electric | C81: 45717 | D81: Industrial | E81: Unknown | F81: Nonresidential | G81: 148989.6 | H81: 387131.7 | J81: 0 | K81: 0 | M81: 51853.468 | N81: 685110.9 | P81: 7 | Q81: 24 | R81: 4 | S81: PG&E | T81: 2025
A82: New Construction | B82: All Electric | C82: 45689 | D82: Industrial | E82: Unknown | F82: Nonresidential | G82: 105612.06 | H82: 126665.14 | J82: 0 | K82: 0 | M82: 27090.106 | N82: 337889.25 | P82: 5 | Q82: 21 | R82: 5 | S82: PG&E | T82: 2025
A83: New Construction | B83: All Electric | C83: 45658 | D83: Mixed Use (Commercial / Residential) | E83: Unknown | F83: Unknown | G83: 469071.84 | H83: 1759251.3 | J83: 0 | K83: 0 | M83: 257974.37 | N83: 2697395 | P83: 7 | Q83: 21 | R83: 5 | S83: PG&E | T83: 2025
A84: New Construction | B84: All Electric | C84: 45658 | D84: Street and Outdoor area Lighting | E84: Unknown | F84: Nonresidential | J84: 0 | K84: 0 | M84: 15515.252 | P84: 7 | Q84: 17 | R84: 6 | S84: PG&E | T84: 2025
A85: New Construction | B85: All Electric | C85: 45717 | D85: Mixed Use (Commercial / Residential) | E85: Unknown | F85: Unknown | G85: 54761.374 | H85: 1631.2659 | J85: 0 | K85: 0 | M85: 23732.485 | N85: 111154.01 | P85: 6 | Q85: 24 | R85: 7 | S85: PG&E | T85: 2025
A86: Upgrade | B86: All Electric | C86: 45689 | D86: Residential | E86: Unknown | F86: Unknown | G86: 89066.892 | H86: 959410.31 | J86: 0 | K86: 0 | M86: 903055.89 | N86: 1403412 | P86: 278 | Q86: 38 | R86: 8 | S86: PG&E | T86: 2025
A87: Upgrade | B87: All Electric | C87: 45658 | D87: Residential | E87: Unknown | F87: Unknown | G87: 44203.596 | H87: 1125250.4 | J87: 0 | K87: 0 | M87: 1110236.5 | N87: 1554058.7 | P87: 428 | Q87: 19 | R87: 8 | S87: PG&E | T87: 2025
A88: New Construction | B88: Mixed Fuel | C88: 45717 | D88: Commercial | E88: Unknown | F88: Nonresidential | G88: 311437.94 | H88: 488087.91 | I88: 339861.6 | J88: 0 | K88: 0 | L88: 0 | M88: 405284.38 | N88: 1110963.8 | P88: 19 | Q88: 17 | R88: 9 | S88: PG&E | T88: 2025
A89: New Construction | B89: All Electric | C89: 45658 | D89: Agency (City, County, Caltrans) | E89: Unknown | F89: Nonresidential | G89: 133550.03 | H89: 30475.578 | I89: 77.72 | J89: 0 | K89: 0 | L89: 0 | M89: 167044.25 | N89: 297575.65 | P89: 13 | Q89: 54 | R89: 9 | S89: PG&E | T89: 2025
A90: New Construction | B90: Mixed Fuel | C90: 45658 | D90: Commercial | E90: Unknown | F90: Nonresidential | G90: 666387.08 | H90: 138040.23 | I90: 1340.69 | J90: 0 | K90: 0 | L90: 0 | M90: 686179.59 | N90: 1473324.1 | P90: 20 | Q90: 29 | R90: 11 | S90: PG&E | T90: 2025
A91: New Construction | B91: All Electric | C91: 45689 | D91: Agriculture | E91: Unknown | F91: Nonresidential | G91: 276669.81 | H91: 1035787.2 | I91: 122848.51 | J91: 0 | K91: 0 | L91: 0 | M91: 101620.89 | N91: 1604882.2 | P91: 39 | Q91: 90 | R91: 12 | S91: PG&E | T91: 2025
A92: New Construction | B92: All Electric | C92: 45689 | D92: Telecommunications | E92: Unknown | F92: Nonresidential | G92: 795528.41 | H92: 73836.352 | J92: 0 | K92: 0 | M92: 687583.31 | N92: 1664893.2 | P92: 11 | Q92: 112 | R92: 13 | S92: PG&E | T92: 2025
A93: New Construction | B93: All Electric | C93: 45717 | D93: Agriculture | E93: Unknown | F93: Nonresidential | G93: 467907.55 | H93: 2307377.6 | I93: 77837.45 | J93: 0 | K93: 0 | L93: 0 | M93: 151662.45 | N93: 3251066.6 | P93: 50 | Q93: 85 | R93: 13 | S93: PG&E | T93: 2025
A94: New Construction | B94: All Electric | C94: 45717 | D94: Telecommunications | E94: Unknown | F94: Nonresidential | G94: 738763.34 | H94: 103952.68 | J94: 0 | K94: 0 | M94: 472580.63 | N94: 1581479.4 | P94: 23 | Q94: 76 | R94: 13 | S94: PG&E | T94: 2025
A95: Upgrade | B95: All Electric | C95: 45717 | D95: Residential | E95: Unknown | F95: Unknown | G95: 97193.886 | H95: 1282162.5 | J95: 0 | K95: 0 | M95: 1063569.1 | N95: 1799659.1 | P95: 346 | Q95: 45 | R95: 14 | S95: PG&E | T95: 2025
A96: New Construction | B96: All Electric | C96: 45658 | D96: Telecommunications | E96: Unknown | F96: Nonresidential | G96: 634108.13 | H96: 96735.345 | J96: 0 | K96: 0 | M96: 322515.36 | N96: 1364951.6 | P96: 26 | Q96: 79 | R96: 15 | S96: PG&E | T96: 2025
A97: New Construction | B97: All Electric | C97: 45658 | D97: Agriculture | E97: Unknown | F97: Nonresidential | G97: 632838.27 | H97: 2158548.6 | I97: 128019.43 | J97: 0 | K97: 0 | L97: 0 | M97: 551954.58 | N97: 3502679.7 | P97: 48 | Q97: 84 | R97: 16 | S97: PG&E | T97: 2025
A98: New Construction | B98: All Electric | C98: 45717 | D98: Street and Outdoor area Lighting | E98: Unknown | F98: Nonresidential | G98: 18344.337 | H98: 2138.2439 | I98: 104542.5 | J98: 0 | K98: 0 | L98: 0 | M98: 345448.79 | N98: 38826.917 | P98: 6 | Q98: 22 | R98: 16 | S98: PG&E | T98: 2025
A99: New Construction | B99: All Electric | C99: 45689 | D99: Agency (City, County, Caltrans) | E99: Unknown | F99: Nonresidential | G99: 92901.352 | H99: 0 | J99: 0 | K99: 0 | M99: 143691.42 | N99: 185802.7 | P99: 26 | Q99: 72 | R99: 17 | S99: PG&E | T99: 2025
A100: New Construction | B100: All Electric | C100: 45717 | D100: Agency (City, County, Caltrans) | E100: Unknown | F100: Nonresidential | G100: 346673.55 | H100: 168136.61 | J100: 0 | K100: 0 | M100: 434481.93 | N100: 861483.71 | P100: 12 | Q100: 56 | R100: 18 | S100: PG&E | T100: 2025
...

Sheet PGE_Q1_2025
A1: New Construction / Upgrade | B1: Mixed Fuel / All Electric | C1: Months | D1: Customer Class | E1: Baseline / Climate Zone | F1: Multi Dwelling | G1: Total Discounts (Non-Exempted Projects) | H1: Total Allowances (Non-Exempted Projects) | I1: Total Refund Payments Provided to Builders (Non-Exempted Projects) | J1: Total Discounts (Exempted projects) | K1: Total Allowances (Exempted projects) | L1: Total Refund Payments Provided to Builders (Exempted projects) | M1: Total Estimated Non-Refundable | N1: Total Estimated Refundable | O1: Average Number of days between full payment and Project Energization | P1: Total Electric Line Extensions Energized | Q1: Total Electric Line Extension Applications (IOU Installed) | R1: Total Electric Line Extension Applications (Applicant Installed) | S1: IoU | T1: Year
A2: Upgrade | B2: Mixed Fuel | C2: 45689 | D2: Unknown | E2: Unknown | F2: Unknown | G2: 0 | H2: 8533.94 | J2: 0 | K2: 0 | M2: 5383.0484 | N2: 9919.08 | P2: 1 | S2: PG&E | T2: =2025 -> 2025
A3: Upgrade | B3: Mixed Fuel | C3: 45689 | D3: Unknown | E3: Unknown | F3: Unknown | P3: 1 | S3: PG&E | T3: =2025 -> 2025
A4: Upgrade | B4: Mixed Fuel | C4: 45689 | D4: Unknown | E4: Unknown | F4: Unknown | P4: 1 | S4: PG&E | T4: =2025 -> 2025
A5: Upgrade | B5: Mixed Fuel | C5: 45689 | D5: Agency (City, County, Caltrans) | E5: Unknown | F5: Nonresidential | P5: 1 | S5: PG&E | T5: =2025 -> 2025
A6: Upgrade | B6: Mixed Fuel | C6: 45689 | D6: Agriculture | E6: Unknown | F6: Nonresidential | P6: 1 | S6: PG&E | T6: =2025 -> 2025
A7: Upgrade | B7: Mixed Fuel | C7: 45689 | D7: Commercial | E7: Unknown | F7: Nonresidential | P7: 2 | S7: PG&E | T7: =2025 -> 2025
A8: Upgrade | B8: Mixed Fuel | C8: 45689 | D8: Industrial | E8: Unknown | F8: Nonresidential | P8: 1 | S8: PG&E | T8: =2025 -> 2025
A9: Upgrade | B9: Mixed Fuel | C9: 45689 | D9: Mixed Use (Commercial / Residential) | E9: Unknown | F9: Unknown | P9: 1 | S9: PG&E | T9: =2025 -> 2025
A10: Upgrade | B10: Mixed Fuel | C10: 45689 | D10: Residential | E10: Unknown | F10: Unknown | G10: 31937 | H10: 156343.53 | J10: 0 | K10: 0 | M10: 111666.35 | N10: 255414.29 | P10: 11 | Q10: 1 | S10: PG&E | T10: =2025 -> 2025
A11: Upgrade | B11: Mixed Fuel | C11: 45689 | D11: Street and Outdoor area Lighting | E11: Unknown | F11: Nonresidential | P11: 1 | S11: PG&E | T11: =2025 -> 2025
A12: Upgrade | B12: Mixed Fuel | C12: 45689 | D12: Telecommunications | E12: Unknown | F12: Nonresidential | P12: 1 | S12: PG&E | T12: =2025 -> 2025
A13: Upgrade | B13: Mixed Fuel | C13: 45689 | D13: Temporary Services | E13: Unknown | F13: Nonresidential | P13: 1 | S13: PG&E | T13: =2025 -> 2025
A14: Upgrade | B14: Mixed Fuel | C14: 45658 | D14: Unknown | E14: Unknown | F14: Unknown | G14: 0 | H14: 5522.82 | J14: 0 | K14: 0 | M14: 953.956 | N14: 5522.82 | P14: 1 | S14: PG&E | T14: =2025 -> 2025
A15: Upgrade | B15: Mixed Fuel | C15: 45658 | D15: Unknown | E15: Unknown | F15: Unknown | P15: 1 | S15: PG&E | T15: =2025 -> 2025
A16: Upgrade | B16: Mixed Fuel | C16: 45658 | D16: Unknown | E16: Unknown | F16: Unknown | P16: 1 | S16: PG&E | T16: =2025 -> 2025
A17: Upgrade | B17: Mixed Fuel | C17: 45658 | D17: Agency (City, County, Caltrans) | E17: Unknown | F17: Nonresidential | G17: 8548.8476 | H17: 2130.1789 | J17: 0 | K17: 0 | M17: 1691.9108 | N17: 19227.874 | P17: 1 | S17: PG&E | T17: =2025 -> 2025
A18: Upgrade | B18: Mixed Fuel | C18: 45658 | D18: Agriculture | E18: Unknown | F18: Nonresidential | P18: 1 | S18: PG&E | T18: =2025 -> 2025
A19: Upgrade | B19: Mixed Fuel | C19: 45658 | D19: Commercial | E19: Unknown | F19: Nonresidential | G19: 64648.527 | H19: 7515.3577 | J19: 0 | K19: 0 | M19: 18569.465 | N19: 137089.74 | P19: 3 | Q19: 1 | S19: PG&E | T19: =2025 -> 2025
A20: Upgrade | B20: Mixed Fuel | C20: 45658 | D20: Industrial | E20: Unknown | F20: Nonresidential | P20: 1 | S20: PG&E | T20: =2025 -> 2025
A21: Upgrade | B21: Mixed Fuel | C21: 45658 | D21: Mixed Use (Commercial / Residential) | E21: Unknown | F21: Unknown | P21: 1 | S21: PG&E | T21: =2025 -> 2025
A22: Upgrade | B22: Mixed Fuel | C22: 45658 | D22: Street and Outdoor area Lighting | E22: Unknown | F22: Nonresidential | P22: 1 | S22: PG&E | T22: =2025 -> 2025
A23: Upgrade | B23: Mixed Fuel | C23: 45658 | D23: Telecommunications | E23: Unknown | F23: Nonresidential | P23: 1 | S23: PG&E | T23: =2025 -> 2025
A24: Upgrade | B24: Mixed Fuel | C24: 45658 | D24: Temporary Services | E24: Unknown | F24: Nonresidential | P24: 1 | S24: PG&E | T24: =2025 -> 2025
A25: Upgrade | B25: Mixed Fuel | C25: 45717 | D25: Unknown | E25: Unknown | F25: Unknown | G25: 0 | H25: 3255 | J25: 0 | K25: 0 | M25: 4425.1204 | N25: 4896.79 | P25: 1 | S25: PG&E | T25: =2025 -> 2025
A26: Upgrade | B26: Mixed Fuel | C26: 45717 | D26: Agency (City, County, Caltrans) | E26: Unknown | F26: Nonresidential | G26: 31766.718 | H26: 42005.42 | J26: 0 | K26: 0 | M26: 15494.13 | N26: 105538.86 | P26: 1 | S26: PG&E | T26: =2025 -> 2025
A27: Upgrade | B27: Mixed Fuel | C27: 45717 | D27: Commercial | E27: Unknown | F27: Nonresidential | G27: 49847.814 | H27: 0 | J27: 0 | K27: 0 | M27: 5566.1264 | N27: 99695.628 | P27: 3 | S27: PG&E | T27: =2025 -> 2025
A28: Upgrade | B28: Mixed Fuel | C28: 45717 | D28: Residential | E28: Unknown | F28: Unknown | G28: 11973.614 | H28: 67280.45 | J28: 0 | K28: 0 | M28: 154248.96 | N28: 154079.07 | P28: 26 | S28: PG&E | T28: =2025 -> 2025
A29: Upgrade | B29: All Electric | C29: 45689 | D29: Unknown | E29: Unknown | F29: Unknown | G29: 141856.94 | H29: 60385.841 | J29: 0 | K29: 0 | M29: 26727.868 | N29: 345389.64 | P29: 1 | S29: PG&E | T29: =2025 -> 2025
A30: Upgrade | B30: All Electric | C30: 45689 | D30: Unknown | E30: Unknown | F30: Unknown | I30: 32476.71 | L30: 0 | P30: 1 | S30: PG&E | T30: =2025 -> 2025
A31: Upgrade | B31: All Electric | C31: 45689 | D31: Unknown | E31: Unknown | F31: Unknown | P31: 1 | S31: PG&E | T31: =2025 -> 2025
A32: Upgrade | B32: All Electric | C32: 45689 | D32: Unknown | E32: Unknown | F32: Unknown | P32: 1 | S32: PG&E | T32: =2025 -> 2025
A33: Upgrade | B33: All Electric | C33: 45689 | D33: Agency (City, County, Caltrans) | E33: Unknown | F33: Nonresidential | G33: 19272.001 | H33: 5161.5828 | J33: 0 | K33: 0 | M33: 20241.556 | N33: 43705.586 | P33: 3 | S33: PG&E | T33: =2025 -> 2025
A34: Upgrade | B34: All Electric | C34: 45689 | D34: Commercial | E34: Unknown | F34: Nonresidential | G34: 176103.93 | H34: 361069.03 | I34: 110533.13 | J34: 0 | K34: 0 | L34: 0 | M34: 48973.906 | N34: 713276.88 | P34: 21 | Q34: 8 | S34: PG&E | T34: =2025 -> 2025
A35: Upgrade | B35: All Electric | C35: 45689 | D35: Industrial | E35: Unknown | F35: Nonresidential | G35: 65175.425 | H35: 198405.07 | J35: 0 | K35: 0 | M35: 10834.347 | N35: 328755.92 | P35: 2 | S35: PG&E | T35: =2025 -> 2025
A36: Upgrade | B36: All Electric | C36: 45689 | D36: Street and Outdoor area Lighting | E36: Unknown | F36: Nonresidential | J36: 0 | K36: 0 | M36: 71498.555 | P36: 1 | S36: PG&E | T36: =2025 -> 2025
A37: Upgrade | B37: All Electric | C37: 45689 | D37: Temporary Services | E37: Unknown | F37: Nonresidential | P37: 1 | S37: PG&E | T37: =2025 -> 2025
A38: Upgrade | B38: All Electric | C38: 45658 | D38: Unknown | E38: Unknown | F38: Unknown | G38: 27456.272 | H38: 72572.221 | J38: 0 | K38: 0 | M38: 24641.874 | N38: 127484.77 | P38: 1 | S38: PG&E | T38: =2025 -> 2025
A39: Upgrade | B39: All Electric | C39: 45658 | D39: Unknown | E39: Unknown | F39: Unknown | I39: 25433.44 | L39: 0 | P39: 1 | S39: PG&E | T39: =2025 -> 2025
A40: Upgrade | B40: All Electric | C40: 45658 | D40: Unknown | E40: Unknown | F40: Unknown | P40: 1 | S40: PG&E | T40: =2025 -> 2025
A41: Upgrade | B41: All Electric | C41: 45658 | D41: Unknown | E41: Unknown | F41: Unknown | P41: 1 | S41: PG&E | T41: =2025 -> 2025
A42: Upgrade | B42: All Electric | C42: 45658 | D42: Agency (City, County, Caltrans) | E42: Unknown | F42: Nonresidential | G42: 122107.34 | H42: 316910.46 | J42: 0 | K42: 0 | M42: 26607.439 | N42: 561125.13 | P42: 7 | Q42: 1 | S42: PG&E | T42: =2025 -> 2025
A43: Upgrade | B43: All Electric | C43: 45658 | D43: Agriculture | E43: Unknown | F43: Nonresidential | G43: 425497.16 | H43: 372057.86 | I43: 14714.5 | J43: 0 | K43: 0 | L43: 0 | M43: 46854.55 | N43: 1223052.2 | P43: 16 | Q43: 2 | S43: PG&E | T43: =2025 -> 2025
A44: Upgrade | B44: All Electric | C44: 45658 | D44: Commercial | E44: Unknown | F44: Nonresidential | G44: 442428.68 | H44: 505873.31 | I44: 68866.7 | J44: 0 | K44: 0 | L44: 0 | M44: 150652.98 | N44: 1406090.8 | P44: 20 | Q44: 15 | S44: PG&E | T44: =2025 -> 2025
A45: Upgrade | B45: All Electric | C45: 45658 | D45: Industrial | E45: Unknown | F45: Nonresidential | G45: 52770.133 | H45: 84335.206 | J45: 0 | K45: 0 | M45: 6993.6028 | N45: 189875.47 | P45: 4 | S45: PG&E | T45: =2025 -> 2025
A46: Upgrade | B46: All Electric | C46: 45658 | D46: Street and Outdoor area Lighting | E46: Unknown | F46: Nonresidential | G46: 4378.688 | H46: 0 | J46: 0 | K46: 0 | M46: 140285.42 | N46: 8757.376 | P46: 1 | S46: PG&E | T46: =2025 -> 2025
A47: Upgrade | B47: All Electric | C47: 45658 | D47: Temporary Services | E47: Unknown | F47: Nonresidential | P47: 1 | S47: PG&E | T47: =2025 -> 2025
A48: Upgrade | B48: All Electric | C48: 45717 | D48: Unknown | E48: Unknown | F48: Unknown | G48: 216731.42 | H48: 345000.76 | J48: 0 | K48: 0 | M48: 19380.239 | N48: 778463.6 | P48: 1 | S48: PG&E | T48: =2025 -> 2025
A49: Upgrade | B49: All Electric | C49: 45717 | D49: Unknown | E49: Unknown | F49: Unknown | I49: 6091.35 | L49: 0 | P49: 1 | S49: PG&E | T49: =2025 -> 2025
A50: Upgrade | B50: All Electric | C50: 45717 | D50: Unknown | E50: Unknown | F50: Unknown | P50: 1 | S50: PG&E | T50: =2025 -> 2025
A51: Upgrade | B51: All Electric | C51: 45717 | D51: Unknown | E51: Unknown | F51: Unknown | P51: 1 | S51: PG&E | T51: =2025 -> 2025
A52: Upgrade | B52: All Electric | C52: 45717 | D52: Agriculture | E52: Unknown | F52: Nonresidential | G52: 209557.8 | H52: 234708.93 | J52: 0 | K52: 0 | M52: 42223.877 | N52: 653824.54 | P52: 17 | S52: PG&E | T52: =2025 -> 2025
A53: Upgrade | B53: All Electric | C53: 45717 | D53: Commercial | E53: Unknown | F53: Nonresidential | G53: 398860.77 | H53: 846850.9 | I53: 18264.93 | J53: 0 | K53: 0 | L53: 0 | M53: 206783.63 | N53: 1644572.4 | P53: 24 | Q53: 14 | S53: PG&E | T53: =2025 -> 2025
A54: Upgrade | B54: All Electric | C54: 45717 | D54: Industrial | E54: Unknown | F54: Nonresidential | P54: 5 | S54: PG&E | T54: =2025 -> 2025
A55: Upgrade | B55: All Electric | C55: 45717 | D55: Temporary Services | E55: Unknown | F55: Nonresidential | P55: 1 | S55: PG&E | T55: =2025 -> 2025
A56: New Construction | B56: Mixed Fuel | C56: 45658 | D56: Agency (City, County, Caltrans) | E56: Unknown | F56: Nonresidential | G56: 6.8e-13 | H56: 0 | J56: 0 | K56: 0 | M56: 54316.046 | N56: 1.36e-12 | P56: 2 | Q56: 1 | R56: 0 | S56: PG&E | T56: =2025 -> 2025
A57: New Construction | B57: Mixed Fuel | C57: 45717 | D57: Agency (City, County, Caltrans) | E57: Unknown | F57: Nonresidential | G57: 0 | H57: 38588.056 | J57: 0 | K57: 0 | M57: 4406.8488 | N57: 38588.056 | P57: 2 | Q57: 0 | R57: 0 | S57: PG&E | T57: =2025 -> 2025
A58: New Construction | B58: Mixed Fuel | C58: 45717 | D58: Industrial | E58: Unknown | F58: Nonresidential | P58: 4 | Q58: 2 | R58: 0 | S58: PG&E | T58: =2025 -> 2025
A59: New Construction | B59: All Electric | C59: 45689 | D59: Temporary Services | E59: Unknown | F59: Nonresidential | G59: 21357.664 | H59: 53893.449 | J59: 0 | K59: 0 | M59: 55763.254 | N59: 98293.717 | P59: 7 | Q59: 0 | R59: 0 | S59: PG&E | T59: =2025 -> 2025
A60: New Construction | B60: All Electric | C60: 45658 | D60: Temporary Services | E60: Unknown | F60: Nonresidential | G60: 1597.1386 | H60: 13966.17 | J60: 0 | K60: 0 | M60: 23454.485 | N60: 22936.437 | P60: 7 | Q60: 0 | R60: 0 | S60: PG&E | T60: =2025 -> 2025
A61: New Construction | B61: All Electric | C61: 45717 | D61: Temporary Services | E61: Unknown | F61: Nonresidential | G61: 16754.916 | H61: 22267.565 | J61: 0 | K61: 0 | M61: 34194.84 | N61: 67461.797 | P61: 6 | Q61: 0 | R61: 0 | S61: PG&E | T61: =2025 -> 2025
A62: Upgrade | B62: Mixed Fuel | C62: 45658 | D62: Residential | E62: Unknown | F62: Unknown | G62: 8509.3884 | H62: 52833.81 | J62: 0 | K62: 0 | M62: 78866.756 | N62: 97532.877 | P62: 16 | Q62: 3 | R62: 1 | S62: PG&E | T62: =2025 -> 2025
A63: Upgrade | B63: All Electric | C63: 45689 | D63: Agriculture | E63: Unknown | F63: Nonresidential | G63: 431306.47 | H63: 770784.83 | I63: 27733.39 | J63: 0 | K63: 0 | L63: 0 | M63: 68107.108 | N63: 1633402.8 | P63: 16 | Q63: 2 | R63: 1 | S63: PG&E | T63: =2025 -> 2025
A64: Upgrade | B64: All Electric | C64: 45689 | D64: Mixed Use (Commercial / Residential) | E64: Unknown | F64: Unknown | G64: 51353.287 | H64: 14879.76 | J64: 0 | K64: 0 | M64: 163460.55 | N64: 120257.69 | P64: 6 | Q64: 11 | R64: 1 | S64: PG&E | T64: =2025 -> 2025
A65: Upgrade | B65: All Electric | C65: 45658 | D65: Mixed Use (Commercial / Residential) | E65: Unknown | F65: Unknown | G65: 6626.4344 | H65: 80913.883 | J65: 0 | K65: 0 | M65: 16837.548 | N65: 95833.712 | P65: 6 | Q65: 8 | R65: 1 | S65: PG&E | T65: =2025 -> 2025
A66: Upgrade | B66: All Electric | C66: 45658 | D66: Telecommunications | E66: Unknown | F66: Nonresidential | G66: 16999.435 | H66: 2850.9919 | J66: 0 | K66: 0 | M66: 16055.71 | N66: 36849.861 | P66: 1 | Q66: 25 | R66: 1 | S66: PG&E | T66: =2025 -> 2025
A67: Upgrade | B67: All Electric | C67: 45717 | D67: Agency (City, County, Caltrans) | E67: Unknown | F67: Nonresidential | G67: 116840.26 | H67: 71470.45 | J67: 0 | K67: 0 | M67: 72071.543 | N67: 305150.97 | P67: 7 | Q67: 1 | R67: 1 | S67: PG&E | T67: =2025 -> 2025
A68: New Construction | B68: Mixed Fuel | C68: 45689 | D68: Agency (City, County, Caltrans) | E68: Unknown | F68: Nonresidential | G68: 1.86e-12 | H68: 0 | J68: 0 | K68: 0 | M68: 82408.69 | N68: 3.72e-12 | P68: 1 | Q68: 2 | R68: 1 | S68: PG&E | T68: =2025 -> 2025
A69: New Construction | B69: Mixed Fuel | C69: 45689 | D69: Industrial | E69: Unknown | F69: Nonresidential | P69: 1 | Q69: 1 | R69: 1 | S69: PG&E | T69: =2025 -> 2025
A70: New Construction | B70: Mixed Fuel | C70: 45689 | D70: Mixed Use (Commercial / Residential) | E70: Unknown | F70: Unknown | G70: 35182.233 | H70: 24800.175 | I70: 116.98 | J70: 0 | K70: 0 | L70: 0 | M70: 229707.33 | N70: 165991.41 | P70: 5 | Q70: 5 | R70: 1 | S70: PG&E | T70: =2025 -> 2025
A71: New Construction | B71: Mixed Fuel | C71: 45658 | D71: Industrial | E71: Unknown | F71: Nonresidential | P71: 2 | Q71: 3 | R71: 1 | S71: PG&E | T71: =2025 -> 2025
A72: Upgrade | B72: All Electric | C72: 45689 | D72: Telecommunications | E72: Unknown | F72: Nonresidential | G72: 8226.8935 | H72: 2850.9919 | J72: 0 | K72: 0 | M72: 10700.787 | N72: 19304.779 | P72: 4 | Q72: 15 | R72: 2 | S72: PG&E | T72: =2025 -> 2025
A73: Upgrade | B73: All Electric | C73: 45717 | D73: Mixed Use (Commercial / Residential) | E73: Unknown | F73: Unknown | G73: 95629.098 | H73: 75374.607 | J73: 0 | K73: 0 | M73: 14984.008 | N73: 266632.8 | P73: 6 | Q73: 13 | R73: 2 | S73: PG&E | T73: =2025 -> 2025
A74: Upgrade | B74: All Electric | C74: 45717 | D74: Telecommunications | E74: Unknown | F74: Nonresidential | G74: 85173.394 | H74: 7127.4797 | J74: 0 | K74: 0 | M74: 61917.169 | N74: 177474.27 | P74: 3 | Q74: 20 | R74: 2 | S74: PG&E | T74: =2025 -> 2025
A75: New Construction | B75: Mixed Fuel | C75: 45658 | D75: Mixed Use (Commercial / Residential) | E75: Unknown | F75: Unknown | G75: 93063.699 | H75: 35083.84 | J75: 0 | K75: 0 | M75: 25680.782 | N75: 221211.24 | P75: 5 | Q75: 4 | R75: 2 | S75: PG&E | T75: =2025 -> 2025
A76: New Construction | B76: All Electric | C76: 45689 | D76: Street and Outdoor area Lighting | E76: Unknown | F76: Nonresidential | G76: 1633.206 | H76: 712.74797 | J76: 0 | K76: 0 | M76: 37605.604 | N76: 3979.16 | P76: 6 | Q76: 7 | R76: 2 | S76: PG&E | T76: =2025 -> 2025
A77: New Construction | B77: All Electric | C77: 45658 | D77: Industrial | E77: Unknown | F77: Nonresidential | G77: 123128.25 | H77: 109622.79 | J77: 0 | K77: 0 | M77: 81095.702 | N77: 355879.28 | P77: 4 | Q77: 19 | R77: 2 | S77: PG&E | T77: =2025 -> 2025
A78: Upgrade | B78: All Electric | C78: 45717 | D78: Street and Outdoor area Lighting | E78: Unknown | F78: Nonresidential | J78: 0 | K78: 0 | M78: 13334.679 | P78: 1 | Q78: 4 | R78: 3 | S78: PG&E | T78: =2025 -> 2025
A79: New Construction | B79: Mixed Fuel | C79: 45717 | D79: Mixed Use (Commercial / Residential) | E79: Unknown | F79: Unknown | G79: 32802.132 | H79: 2130.1789 | I79: 26905.65 | J79: 0 | K79: 0 | L79: 0 | M79: 4858.9888 | N79: 67734.442 | P79: 1 | Q79: 6 | R79: 4 | S79: PG&E | T79: =2025 -> 2025
A80: New Construction | B80: All Electric | C80: 45689 | D80: Mixed Use (Commercial / Residential) | E80: Unknown | F80: Unknown | G80: 2396245.5 | H80: 634365.83 | I80: 0.21 | J80: 0 | K80: 0 | L80: 0 | M80: 632061.67 | N80: 5426856.9 | P80: 8 | Q80: 21 | R80: 4 | S80: PG&E | T80: =2025 -> 2025
A81: New Construction | B81: All Electric | C81: 45717 | D81: Industrial | E81: Unknown | F81: Nonresidential | G81: 148989.6 | H81: 387131.7 | J81: 0 | K81: 0 | M81: 51853.468 | N81: 685110.9 | P81: 7 | Q81: 24 | R81: 4 | S81: PG&E | T81: =2025 -> 2025
A82: New Construction | B82: All Electric | C82: 45689 | D82: Industrial | E82: Unknown | F82: Nonresidential | G82: 105612.06 | H82: 126665.14 | J82: 0 | K82: 0 | M82: 27090.106 | N82: 337889.25 | P82: 5 | Q82: 21 | R82: 5 | S82: PG&E | T82: =2025 -> 2025
A83: New Construction | B83: All Electric | C83: 45658 | D83: Mixed Use (Commercial / Residential) | E83: Unknown | F83: Unknown | G83: 469071.84 | H83: 1759251.3 | J83: 0 | K83: 0 | M83: 257974.37 | N83: 2697395 | P83: 7 | Q83: 21 | R83: 5 | S83: PG&E | T83: =2025 -> 2025
A84: New Construction | B84: All Electric | C84: 45658 | D84: Street and Outdoor area Lighting | E84: Unknown | F84: Nonresidential | J84: 0 | K84: 0 | M84: 15515.252 | P84: 7 | Q84: 17 | R84: 6 | S84: PG&E | T84: =2025 -> 2025
A85: New Construction | B85: All Electric | C85: 45717 | D85: Mixed Use (Commercial / Residential) | E85: Unknown | F85: Unknown | G85: 54761.374 | H85: 1631.2659 | J85: 0 | K85: 0 | M85: 23732.485 | N85: 111154.01 | P85: 6 | Q85: 24 | R85: 7 | S85: PG&E | T85: =2025 -> 2025
A86: Upgrade | B86: All Electric | C86: 45689 | D86: Residential | E86: Unknown | F86: Unknown | G86: 89066.892 | H86: 959410.31 | J86: 0 | K86: 0 | M86: 903055.89 | N86: 1403412 | P86: 278 | Q86: 38 | R86: 8 | S86: PG&E | T86: =2025 -> 2025
A87: Upgrade | B87: All Electric | C87: 45658 | D87: Residential | E87: Unknown | F87: Unknown | G87: 44203.596 | H87: 1125250.4 | J87: 0 | K87: 0 | M87: 1110236.5 | N87: 1554058.7 | P87: 428 | Q87: 19 | R87: 8 | S87: PG&E | T87: =2025 -> 2025
A88: New Construction | B88: Mixed Fuel | C88: 45717 | D88: Commercial | E88: Unknown | F88: Nonresidential | G88: 311437.94 | H88: 488087.91 | I88: 339861.6 | J88: 0 | K88: 0 | L88: 0 | M88: 405284.38 | N88: 1110963.8 | P88: 19 | Q88: 17 | R88: 9 | S88: PG&E | T88: =2025 -> 2025
A89: New Construction | B89: All Electric | C89: 45658 | D89: Agency (City, County, Caltrans) | E89: Unknown | F89: Nonresidential | G89: 133550.03 | H89: 30475.578 | I89: 77.72 | J89: 0 | K89: 0 | L89: 0 | M89: 167044.25 | N89: 297575.65 | P89: 13 | Q89: 54 | R89: 9 | S89: PG&E | T89: =2025 -> 2025
A90: New Construction | B90: Mixed Fuel | C90: 45658 | D90: Commercial | E90: Unknown | F90: Nonresidential | G90: 666387.08 | H90: 138040.23 | I90: 1340.69 | J90: 0 | K90: 0 | L90: 0 | M90: 686179.59 | N90: 1473324.1 | P90: 20 | Q90: 29 | R90: 11 | S90: PG&E | T90: =2025 -> 2025
A91: New Construction | B91: All Electric | C91: 45689 | D91: Agriculture | E91: Unknown | F91: Nonresidential | G91: 276669.81 | H91: 1035787.2 | I91: 122848.51 | J91: 0 | K91: 0 | L91: 0 | M91: 101620.89 | N91: 1604882.2 | P91: 39 | Q91: 90 | R91: 12 | S91: PG&E | T91: =2025 -> 2025
A92: New Construction | B92: All Electric | C92: 45689 | D92: Telecommunications | E92: Unknown | F92: Nonresidential | G92: 795528.41 | H92: 73836.352 | J92: 0 | K92: 0 | M92: 687583.31 | N92: 1664893.2 | P92: 11 | Q92: 112 | R92: 13 | S92: PG&E | T92: =2025 -> 2025
A93: New Construction | B93: All Electric | C93: 45717 | D93: Agriculture | E93: Unknown | F93: Nonresidential | G93: 467907.55 | H93: 2307377.6 | I93: 77837.45 | J93: 0 | K93: 0 | L93: 0 | M93: 151662.45 | N93: 3251066.6 | P93: 50 | Q93: 85 | R93: 13 | S93: PG&E | T93: =2025 -> 2025
A94: New Construction | B94: All Electric | C94: 45717 | D94: Telecommunications | E94: Unknown | F94: Nonresidential | G94: 738763.34 | H94: 103952.68 | J94: 0 | K94: 0 | M94: 472580.63 | N94: 1581479.4 | P94: 23 | Q94: 76 | R94: 13 | S94: PG&E | T94: =2025 -> 2025
A95: Upgrade | B95: All Electric | C95: 45717 | D95: Residential | E95: Unknown | F95: Unknown | G95: 97193.886 | H95: 1282162.5 | J95: 0 | K95: 0 | M95: 1063569.1 | N95: 1799659.1 | P95: 346 | Q95: 45 | R95: 14 | S95: PG&E | T95: =2025 -> 2025
A96: New Construction | B96: All Electric | C96: 45658 | D96: Telecommunications | E96: Unknown | F96: Nonresidential | G96: 634108.13 | H96: 96735.345 | J96: 0 | K96: 0 | M96: 322515.36 | N96: 1364951.6 | P96: 26 | Q96: 79 | R96: 15 | S96: PG&E | T96: =2025 -> 2025
A97: New Construction | B97: All Electric | C97: 45658 | D97: Agriculture | E97: Unknown | F97: Nonresidential | G97: 632838.27 | H97: 2158548.6 | I97: 128019.43 | J97: 0 | K97: 0 | L97: 0 | M97: 551954.58 | N97: 3502679.7 | P97: 48 | Q97: 84 | R97: 16 | S97: PG&E | T97: =2025 -> 2025
A98: New Construction | B98: All Electric | C98: 45717 | D98: Street and Outdoor area Lighting | E98: Unknown | F98: Nonresidential | G98: 18344.337 | H98: 2138.2439 | I98: 104542.5 | J98: 0 | K98: 0 | L98: 0 | M98: 345448.79 | N98: 38826.917 | P98: 6 | Q98: 22 | R98: 16 | S98: PG&E | T98: =2025 -> 2025
A99: New Construction | B99: All Electric | C99: 45689 | D99: Agency (City, County, Caltrans) | E99: Unknown | F99: Nonresidential | G99: 92901.352 | H99: 0 | J99: 0 | K99: 0 | M99: 143691.42 | N99: 185802.7 | P99: 26 | Q99: 72 | R99: 17 | S99: PG&E | T99: =2025 -> 2025
A100: New Construction | B100: All Electric | C100: 45717 | D100: Agency (City, County, Caltrans) | E100: Unknown | F100: Nonresidential | G100: 346673.55 | H100: 168136.61 | J100: 0 | K100: 0 | M100: 434481.93 | N100: 861483.71 | P100: 12 | Q100: 56 | R100: 18 | S100: PG&E | T100: =2025 -> 2025
...

Sheet SCE_Q1_2025
A1: New Construction / Upgrade | B1: Mixed Fuel / All Electric | C1: Months | D1: Customer Class | E1: Baseline / Climate Zone | F1: Multi Dwelling | G1: Total Discounts (Non-Exempted Projects) | H1: Total Allowances (Non-Exempted Projects) | I1: Total Refund Payments Provided to Builders (Non-Exempted Projects) | J1: Total Discounts (Exempted projects) | K1: Total Allowances (Exempted projects) | L1: Total Refund Payments Provided to Builders (Exempted projects) | M1: Total Estimated Non-Refundable | N1: Total Estimated Refundable | O1: Average Number of days between full payment and Project Energization | P1: Total Electric Line Extensions Energized | Q1: Total Electric Line Extension Applications (IOU Installed) | R1: Total Electric Line Extension Applications (Applicant Installed) | S1: IoU | T1: Year
A2: New Construction | B2: All Electric | C2: 45658 | D2: Agriculture | E2: 6 | F2: Nonresidential | G2: 0 | H2: 4742.7 | I2: 0 | J2: 0 | K2: 0 | L2: 0 | M2: 0 | N2: 0 | O2: 217.6791 | P2: 1 | Q2: 0 | R2: 0 | S2: SCE | T2: =2025 -> 2025
A3: New Construction | B3: All Electric | C3: 45658 | D3: Agriculture | E3: 9 | F3: Nonresidential | G3: 0 | H3: 0 | I3: 0 | J3: 0 | K3: 0 | L3: 0 | M3: 0 | N3: 0 | O3: N/A | P3: 0 | Q3: 2 | R3: 0 | S3: SCE | T3: =2025 -> 2025
A4: New Construction | B4: All Electric | C4: 45658 | D4: Agriculture | E4: 13 | F4: Nonresidential | G4: 0 | H4: 77692.04 | I4: 0 | J4: 0 | K4: 0 | L4: 0 | M4: 0 | N4: 0 | O4: 213.49862 | P4: 2 | Q4: 2 | R4: 0 | S4: SCE | T4: =2025 -> 2025
A5: New Construction | B5: All Electric | C5: 45658 | D5: Agriculture | E5: 16 | F5: Nonresidential | G5: 0 | H5: 0 | I5: 0 | J5: 0 | K5: 0 | L5: 0 | M5: 0 | N5: 0 | O5: N/A | P5: 0 | Q5: 1 | R5: 0 | S5: SCE | T5: =2025 -> 2025
A6: New Construction | B6: All Electric | C6: 45658 | D6: Commercial / Industrial | E6: 6 | F6: Nonresidential | G6: 0 | H6: 164760.3 | I6: 31706.56 | J6: 0 | K6: 0 | L6: 0 | M6: 11145.22 | N6: 0 | O6: 54.565177 | P6: 4 | Q6: 30 | R6: 0 | S6: SCE | T6: =2025 -> 2025
A7: New Construction | B7: All Electric | C7: 45658 | D7: Commercial / Industrial | E7: 8 | F7: Nonresidential | G7: 11715.03 | H7: 369003.74 | I7: 15143.32 | J7: 0 | K7: 0 | L7: 0 | M7: 30179.01 | N7: 2128.47 | O7: 145.88972 | P7: 17 | Q7: 31 | R7: 1 | S7: SCE | T7: =2025 -> 2025
A8: New Construction | B8: All Electric | C8: 45658 | D8: Commercial / Industrial | E8: 9 | F8: Nonresidential | G8: 0 | H8: 176387.16 | I8: 15091.02 | J8: 0 | K8: 0 | L8: 0 | M8: 11608.94 | N8: 0 | O8: 79.625056 | P8: 2 | Q8: 19 | R8: 0 | S8: SCE | T8: =2025 -> 2025
A9: New Construction | B9: All Electric | C9: 45658 | D9: Commercial / Industrial | E9: 10 | F9: Nonresidential | G9: 12051.9 | H9: 27211.39 | I9: 21954.27 | J9: 0 | K9: 0 | L9: 0 | M9: 21230.08 | N9: 0 | O9: 151.98325 | P9: 14 | Q9: 34 | R9: 1 | S9: SCE | T9: =2025 -> 2025
A10: New Construction | B10: All Electric | C10: 45658 | D10: Commercial / Industrial | E10: 13 | F10: Nonresidential | G10: 0 | H10: 232453.87 | I10: 0 | J10: 0 | K10: 0 | L10: 0 | M10: 26598.16 | N10: 0 | O10: 101.01833 | P10: 4 | Q10: 12 | R10: 0 | S10: SCE | T10: =2025 -> 2025
A11: New Construction | B11: All Electric | C11: 45658 | D11: Commercial / Industrial | E11: 14 | F11: Nonresidential | G11: 0 | H11: 837364.93 | I11: 1498.26 | J11: 0 | K11: 0 | L11: 0 | M11: 42533.15 | N11: 0 | O11: 104.20254 | P11: 3 | Q11: 7 | R11: 0 | S11: SCE | T11: =2025 -> 2025
A12: New Construction | B12: All Electric | C12: 45658 | D12: Commercial / Industrial | E12: 15 | F12: Nonresidential | G12: 0 | H12: 0 | I12: 0 | J12: 0 | K12: 0 | L12: 0 | M12: 0 | N12: 0 | O12: N/A | P12: 0 | Q12: 6 | R12: 0 | S12: SCE | T12: =2025 -> 2025
A13: New Construction | B13: All Electric | C13: 45658 | D13: Commercial / Industrial | E13: 16 | F13: Nonresidential | G13: 0 | H13: 24934.69 | I13: 2259.15 | J13: 0 | K13: 0 | L13: 0 | M13: 0 | N13: 0 | O13: 164.16595 | P13: 2 | Q13: 5 | R13: 0 | S13: SCE | T13: =2025 -> 2025
A14: New Construction | B14: All Electric | C14: 45658 | D14: Residential | E14: 6 | F14: Multi-Family | G14: 0 | H14: 0 | I14: 0 | J14: 0 | K14: 0 | L14: 0 | M14: 0 | N14: 0 | O14: N/A | P14: 0 | Q14: 20 | R14: 3 | S14: SCE | T14: =2025 -> 2025
A15: New Construction | B15: All Electric | C15: 45658 | D15: Residential | E15: 6 | F15: Single-Family | G15: 600.98 | H15: 32135.4 | I15: 1709.26 | J15: 0 | K15: 0 | L15: 0 | M15: 2389.4 | N15: 0 | O15: 69.052254 | P15: 15 | Q15: 1 | R15: 0 | S15: SCE | T15: =2025 -> 2025
A16: New Construction | B16: All Electric | C16: 45658 | D16: Residential | E16: 8 | F16: Multi-Family | G16: 21343.31 | H16: 28811.27 | I16: 0 | J16: 0 | K16: 0 | L16: 0 | M16: 22276.9 | N16: 0 | O16: 87.034229 | P16: 4 | Q16: 15 | R16: 1 | S16: SCE | T16: =2025 -> 2025
A17: New Construction | B17: All Electric | C17: 45658 | D17: Residential | E17: 8 | F17: Single-Family | G17: 1113.46 | H17: 67664.35 | I17: 1901.8 | J17: 0 | K17: 0 | L17: 0 | M17: 14505.9 | N17: 78636.62 | O17: 68.319214 | P17: 19 | Q17: 2 | R17: 3 | S17: SCE | T17: =2025 -> 2025
A18: New Construction | B18: All Electric | C18: 45658 | D18: Residential | E18: 9 | F18: Multi-Family | G18: 0 | H18: 3107.94 | I18: 0 | J18: 0 | K18: 0 | L18: 0 | M18: 0 | N18: 0 | O18: 284.59858 | P18: 1 | Q18: 48 | R18: 2 | S18: SCE | T18: =2025 -> 2025
A19: New Construction | B19: All Electric | C19: 45658 | D19: Residential | E19: 9 | F19: Single-Family | G19: 0 | H19: 26169.88 | I19: 0 | J19: 0 | K19: 0 | L19: 0 | M19: 20143.13 | N19: 126177.32 | O19: 64.29254 | P19: 21 | Q19: 1 | R19: 0 | S19: SCE | T19: =2025 -> 2025
A20: New Construction | B20: All Electric | C20: 45658 | D20: Residential | E20: 10 | F20: Multi-Family | G20: 0 | H20: 4160.66 | I20: 0 | J20: 0 | K20: 0 | L20: 0 | M20: 0 | N20: 0 | O20: 90.859167 | P20: 2 | Q20: 66 | R20: 7 | S20: SCE | T20: =2025 -> 2025
A21: New Construction | B21: All Electric | C21: 45658 | D21: Residential | E21: 10 | F21: Single-Family | G21: 14423.28 | H21: 93718.2 | I21: 16561.84 | J21: 0 | K21: 0 | L21: 0 | M21: 70334.83 | N21: 534448.73 | O21: 135.72584 | P21: 22 | Q21: 0 | R21: 0 | S21: SCE | T21: =2025 -> 2025
A22: New Construction | B22: All Electric | C22: 45658 | D22: Residential | E22: 13 | F22: Multi-Family | G22: 0 | H22: 1306.3 | I22: 0 | J22: 0 | K22: 0 | L22: 0 | M22: 0 | N22: 0 | O22: 39.581986 | P22: 2 | Q22: 8 | R22: 5 | S22: SCE | T22: =2025 -> 2025
A23: New Construction | B23: All Electric | C23: 45658 | D23: Residential | E23: 13 | F23: Single-Family | G23: 0 | H23: 3068.23 | I23: 298130.71 | J23: 0 | K23: 0 | L23: 0 | M23: 0 | N23: 0 | O23: 77.663108 | P23: 4 | Q23: 3 | R23: 0 | S23: SCE | T23: =2025 -> 2025
A24: New Construction | B24: All Electric | C24: 45658 | D24: Residential | E24: 14 | F24: Multi-Family | G24: 0 | H24: 3051.95 | I24: 0 | J24: 0 | K24: 0 | L24: 0 | M24: 0 | N24: 0 | O24: 37.901333 | P24: 4 | Q24: 63 | R24: 0 | S24: SCE | T24: =2025 -> 2025
A25: New Construction | B25: All Electric | C25: 45658 | D25: Residential | E25: 14 | F25: Single-Family | G25: 24966.71 | H25: 60639.74 | I25: 10341.41 | J25: 0 | K25: 0 | L25: 0 | M25: 6292.2 | N25: 0 | O25: 87.305829 | P25: 27 | Q25: 4 | R25: 0 | S25: SCE | T25: =2025 -> 2025
A26: New Construction | B26: All Electric | C26: 45658 | D26: Residential | E26: 15 | F26: Multi-Family | G26: 0 | H26: 0 | I26: 0 | J26: 0 | K26: 0 | L26: 0 | M26: 0 | N26: 0 | O26: N/A | P26: 0 | Q26: 7 | R26: 0 | S26: SCE | T26: =2025 -> 2025
A27: New Construction | B27: All Electric | C27: 45658 | D27: Residential | E27: 15 | F27: Single-Family | G27: 2128.27 | H27: 7378.46 | I27: 0 | J27: 0 | K27: 0 | L27: 0 | M27: 1808.44 | N27: 0 | O27: 48.921386 | P27: 3 | Q27: 0 | R27: 0 | S27: SCE | T27: =2025 -> 2025
A28: New Construction | B28: All Electric | C28: 45658 | D28: Residential | E28: 16 | F28: Multi-Family | G28: 0 | H28: 6881.45 | I28: 0 | J28: 0 | K28: 0 | L28: 0 | M28: 0 | N28: 0 | O28: 227.83416 | P28: 3 | Q28: 6 | R28: 0 | S28: SCE | T28: =2025 -> 2025
A29: New Construction | B29: All Electric | C29: 45658 | D29: Residential | E29: 16 | F29: Single-Family | G29: 0 | H29: 4024.96 | I29: 0 | J29: 0 | K29: 0 | L29: 0 | M29: 0 | N29: 0 | O29: 168.63178 | P29: 4 | Q29: 1 | R29: 0 | S29: SCE | T29: =2025 -> 2025
A30: New Construction | B30: All Electric | C30: 45689 | D30: Agriculture | E30: 6 | F30: Nonresidential | G30: 0 | H30: 637.61 | I30: 0 | J30: 0 | K30: 0 | L30: 0 | M30: 0 | N30: 0 | O30: 51.598835 | P30: 1 | Q30: 1 | R30: 0 | S30: SCE | T30: =2025 -> 2025
A31: New Construction | B31: All Electric | C31: 45689 | D31: Agriculture | E31: 9 | F31: Nonresidential | G31: 0 | H31: 0 | I31: 0 | J31: 0 | K31: 0 | L31: 0 | M31: 0 | N31: 0 | O31: N/A | P31: 0 | Q31: 3 | R31: 0 | S31: SCE | T31: =2025 -> 2025
A32: New Construction | B32: All Electric | C32: 45689 | D32: Agriculture | E32: 13 | F32: Nonresidential | G32: 0 | H32: 140535.03 | I32: 0 | J32: 0 | K32: 0 | L32: 0 | M32: 2848.18 | N32: 0 | O32: 55.039584 | P32: 2 | Q32: 2 | R32: 0 | S32: SCE | T32: =2025 -> 2025
A33: New Construction | B33: All Electric | C33: 45689 | D33: Commercial / Industrial | E33: 6 | F33: Nonresidential | G33: 0 | H33: 38328.74 | I33: 6921.12 | J33: 0 | K33: 0 | L33: 0 | M33: 0 | N33: 0 | O33: 163.50408 | P33: 1 | Q33: 22 | R33: 0 | S33: SCE | T33: =2025 -> 2025
A34: New Construction | B34: All Electric | C34: 45689 | D34: Commercial / Industrial | E34: 8 | F34: Nonresidential | G34: 4653.45 | H34: 109160.85 | I34: 19530 | J34: 0 | K34: 0 | L34: 0 | M34: 13351.96 | N34: 0 | O34: 98.341146 | P34: 8 | Q34: 11 | R34: 1 | S34: SCE | T34: =2025 -> 2025
A35: New Construction | B35: All Electric | C35: 45689 | D35: Commercial / Industrial | E35: 9 | F35: Nonresidential | G35: 0 | H35: 557446.14 | I35: 205499.55 | J35: 0 | K35: 0 | L35: 0 | M35: 34385.38 | N35: 0 | O35: 98.561297 | P35: 8 | Q35: 29 | R35: 0 | S35: SCE | T35: =2025 -> 2025
A36: New Construction | B36: All Electric | C36: 45689 | D36: Commercial / Industrial | E36: 10 | F36: Nonresidential | G36: 218929.18 | H36: 601816.47 | I36: 3705.91 | J36: 0 | K36: 0 | L36: 0 | M36: 131538.86 | N36: 0 | O36: 139.02361 | P36: 26 | Q36: 63 | R36: 2 | S36: SCE | T36: =2025 -> 2025
A37: New Construction | B37: All Electric | C37: 45689 | D37: Commercial / Industrial | E37: 13 | F37: Nonresidential | G37: 0 | H37: 60918.92 | I37: 0 | J37: 0 | K37: 0 | L37: 0 | M37: 0 | N37: 0 | O37: 159.40527 | P37: 3 | Q37: 6 | R37: 2 | S37: SCE | T37: =2025 -> 2025
A38: New Construction | B38: All Electric | C38: 45689 | D38: Commercial / Industrial | E38: 14 | F38: Nonresidential | G38: 1435.55 | H38: 167074.64 | I38: 51473.65 | J38: 0 | K38: 0 | L38: 0 | M38: 20570.42 | N38: 0 | O38: 177.32804 | P38: 7 | Q38: 14 | R38: 0 | S38: SCE | T38: =2025 -> 2025
A39: New Construction | B39: All Electric | C39: 45689 | D39: Commercial / Industrial | E39: 15 | F39: Nonresidential | G39: 75332.48 | H39: 457654.81 | I39: 4464.03 | J39: 0 | K39: 0 | L39: 0 | M39: 120856.81 | N39: 0 | O39: 156.98475 | P39: 3 | Q39: 8 | R39: 0 | S39: SCE | T39: =2025 -> 2025
A40: New Construction | B40: All Electric | C40: 45689 | D40: Commercial / Industrial | E40: 16 | F40: Nonresidential | G40: 0 | H40: 3633.64 | I40: 2441.89 | J40: 0 | K40: 0 | L40: 0 | M40: 0 | N40: 0 | O40: 214.54488 | P40: 2 | Q40: 6 | R40: 0 | S40: SCE | T40: =2025 -> 2025
A41: New Construction | B41: All Electric | C41: 45689 | D41: Residential | E41: 6 | F41: Multi-Family | G41: 0 | H41: 0 | I41: 0 | J41: 0 | K41: 0 | L41: 0 | M41: 0 | N41: 0 | O41: N/A | P41: 0 | Q41: 21 | R41: 1 | S41: SCE | T41: =2025 -> 2025
A42: New Construction | B42: All Electric | C42: 45689 | D42: Residential | E42: 6 | F42: Single-Family | G42: 19702.93 | H42: 13614.74 | I42: 33.92 | J42: 0 | K42: 0 | L42: 0 | M42: 11201.71 | N42: 0 | O42: 71.829816 | P42: 13 | Q42: 1 | R42: 0 | S42: SCE | T42: =2025 -> 2025
A43: New Construction | B43: All Electric | C43: 45689 | D43: Residential | E43: 8 | F43: Multi-Family | G43: 0 | H43: 1038.52 | I43: 0 | J43: 0 | K43: 0 | L43: 0 | M43: 0 | N43: 0 | O43: 14.557104 | P43: 2 | Q43: 16 | R43: 1 | S43: SCE | T43: =2025 -> 2025
A44: New Construction | B44: All Electric | C44: 45689 | D44: Residential | E44: 8 | F44: Single-Family | G44: 7096.22 | H44: 91049.49 | I44: 0 | J44: 0 | K44: 0 | L44: 0 | M44: 23383.84 | N44: 23167.05 | O44: 134.54706 | P44: 19 | Q44: 4 | R44: 3 | S44: SCE | T44: =2025 -> 2025
A45: New Construction | B45: All Electric | C45: 45689 | D45: Residential | E45: 9 | F45: Multi-Family | G45: 0 | H45: 7530.68 | I45: 0 | J45: 0 | K45: 0 | L45: 0 | M45: 1592.16 | N45: 0 | O45: 141.32801 | P45: 1 | Q45: 30 | R45: 3 | S45: SCE | T45: =2025 -> 2025
A46: New Construction | B46: All Electric | C46: 45689 | D46: Residential | E46: 9 | F46: Single-Family | G46: 456.39 | H46: 54759.55 | I46: 0 | J46: 0 | K46: 0 | L46: 0 | M46: 9869.27 | N46: 0 | O46: 57.022672 | P46: 34 | Q46: 0 | R46: 0 | S46: SCE | T46: =2025 -> 2025
A47: New Construction | B47: All Electric | C47: 45689 | D47: Residential | E47: 10 | F47: Multi-Family | G47: 0 | H47: 20164.49 | I47: 0 | J47: 0 | K47: 0 | L47: 0 | M47: 0 | N47: 0 | O47: 87.288916 | P47: 6 | Q47: 90 | R47: 1 | S47: SCE | T47: =2025 -> 2025
A48: New Construction | B48: All Electric | C48: 45689 | D48: Residential | E48: 10 | F48: Single-Family | G48: 123966.04 | H48: 59032.94 | I48: 535927.96 | J48: 0 | K48: 0 | L48: 0 | M48: 171687.15 | N48: 1331472.6 | O48: 133.04091 | P48: 32 | Q48: 1 | R48: 0 | S48: SCE | T48: =2025 -> 2025
A49: New Construction | B49: All Electric | C49: 45689 | D49: Residential | E49: 13 | F49: Multi-Family | G49: 0 | H49: 2817 | I49: 0 | J49: 0 | K49: 0 | L49: 0 | M49: 0 | N49: 0 | O49: 19.440841 | P49: 4 | Q49: 13 | R49: 26 | S49: SCE | T49: =2025 -> 2025
A50: New Construction | B50: All Electric | C50: 45689 | D50: Residential | E50: 13 | F50: Single-Family | G50: 9692.65 | H50: 77693.82 | I50: 0 | J50: 0 | K50: 0 | L50: 0 | M50: 272.8 | N50: 0 | O50: 46.778978 | P50: 8 | Q50: 0 | R50: 0 | S50: SCE | T50: =2025 -> 2025
A51: New Construction | B51: All Electric | C51: 45689 | D51: Residential | E51: 14 | F51: Multi-Family | G51: 0 | H51: 0 | I51: 0 | J51: 0 | K51: 0 | L51: 0 | M51: 0 | N51: 0 | O51: N/A | P51: 0 | Q51: 49 | R51: 0 | S51: SCE | T51: =2025 -> 2025
A52: New Construction | B52: All Electric | C52: 45689 | D52: Residential | E52: 14 | F52: Single-Family | G52: 99389.78 | H52: 142458.78 | I52: 31.44 | J52: 0 | K52: 0 | L52: 0 | M52: 68397.93 | N52: 182792.86 | O52: 94.875409 | P52: 43 | Q52: 3 | R52: 0 | S52: SCE | T52: =2025 -> 2025
A53: New Construction | B53: All Electric | C53: 45689 | D53: Residential | E53: 15 | F53: Multi-Family | G53: 0 | H53: 0 | I53: 0 | J53: 0 | K53: 0 | L53: 0 | M53: 0 | N53: 0 | O53: N/A | P53: 0 | Q53: 20 | R53: 3 | S53: SCE | T53: =2025 -> 2025
A54: New Construction | B54: All Electric | C54: 45689 | D54: Residential | E54: 15 | F54: Single-Family | G54: 50678.26 | H54: 6968.73 | I54: 0 | J54: 0 | K54: 0 | L54: 0 | M54: 20177.32 | N54: 0 | O54: 113.73425 | P54: 6 | Q54: 0 | R54: 0 | S54: SCE | T54: =2025 -> 2025
A55: New Construction | B55: All Electric | C55: 45689 | D55: Residential | E55: 16 | F55: Multi-Family | G55: 0 | H55: 7674.82 | I55: 0 | J55: 0 | K55: 0 | L55: 0 | M55: 3602.82 | N55: 0 | O55: 71.08045 | P55: 2 | Q55: 5 | R55: 0 | S55: SCE | T55: =2025 -> 2025
A56: New Construction | B56: All Electric | C56: 45689 | D56: Residential | E56: 16 | F56: Single-Family | G56: 13160.5 | H56: 35199.91 | I56: 0 | J56: 0 | K56: 0 | L56: 0 | M56: 1465.5 | N56: 0 | O56: 55.345988 | P56: 10 | Q56: 1 | R56: 0 | S56: SCE | T56: =2025 -> 2025
A57: New Construction | B57: All Electric | C57: 45717 | D57: Agriculture | E57: 9 | F57: Nonresidential | G57: 0 | H57: 0 | I57: 0 | J57: 0 | K57: 0 | L57: 0 | M57: 0 | N57: 0 | O57: N/A | P57: 0 | Q57: 2 | R57: 0 | S57: SCE | T57: =2025 -> 2025
A58: New Construction | B58: All Electric | C58: 45717 | D58: Agriculture | E58: 10 | F58: Nonresidential | G58: 13737.48 | H58: 21638.12 | I58: 0 | J58: 0 | K58: 0 | L58: 0 | M58: 0 | N58: 0 | O58: 51.500559 | P58: 1 | Q58: 0 | R58: 0 | S58: SCE | T58: =2025 -> 2025
A59: New Construction | B59: All Electric | C59: 45717 | D59: Agriculture | E59: 13 | F59: Nonresidential | G59: 978.08 | H59: 265154.03 | I59: 6821.86 | J59: 0 | K59: 0 | L59: 0 | M59: 984.56 | N59: 0 | O59: 148.53762 | P59: 8 | Q59: 4 | R59: 0 | S59: SCE | T59: =2025 -> 2025
A60: New Construction | B60: All Electric | C60: 45717 | D60: Agriculture | E60: 14 | F60: Nonresidential | G60: 0 | H60: 0 | I60: 0 | J60: 0 | K60: 0 | L60: 0 | M60: 0 | N60: 0 | O60: N/A | P60: 0 | Q60: 1 | R60: 0 | S60: SCE | T60: =2025 -> 2025
A61: New Construction | B61: All Electric | C61: 45717 | D61: Agriculture | E61: 16 | F61: Nonresidential | G61: 0 | H61: 0 | I61: 0 | J61: 0 | K61: 0 | L61: 0 | M61: 0 | N61: 0 | O61: N/A | P61: 0 | Q61: 1 | R61: 0 | S61: SCE | T61: =2025 -> 2025
A62: New Construction | B62: All Electric | C62: 45717 | D62: Commercial / Industrial | E62: 6 | F62: Nonresidential | G62: 0 | H62: 118068.97 | I62: 2505.87 | J62: 0 | K62: 0 | L62: 0 | M62: 16486.52 | N62: 0 | O62: 205.6847 | P62: 6 | Q62: 13 | R62: 0 | S62: SCE | T62: =2025 -> 2025
A63: New Construction | B63: All Electric | C63: 45717 | D63: Commercial / Industrial | E63: 8 | F63: Nonresidential | G63: 0 | H63: 134667.89 | I63: 5454.27 | J63: 0 | K63: 0 | L63: 0 | M63: 19537.72 | N63: 53207.54 | O63: 163.74161 | P63: 15 | Q63: 17 | R63: 2 | S63: SCE | T63: =2025 -> 2025
A64: New Construction | B64: All Electric | C64: 45717 | D64: Commercial / Industrial | E64: 9 | F64: Nonresidential | G64: 7834.09 | H64: 143124.54 | I64: 800.52 | J64: 0 | K64: 0 | L64: 0 | M64: 18728.81 | N64: 0 | O64: 152.15842 | P64: 10 | Q64: 37 | R64: 0 | S64: SCE | T64: =2025 -> 2025
A65: New Construction | B65: All Electric | C65: 45717 | D65: Commercial / Industrial | E65: 10 | F65: Nonresidential | G65: 10535.35 | H65: 681623.16 | I65: 172599.58 | J65: 0 | K65: 0 | L65: 0 | M65: 83008.66 | N65: 5518.06 | O65: 146.1454 | P65: 36 | Q65: 58 | R65: 1 | S65: SCE | T65: =2025 -> 2025
A66: New Construction | B66: All Electric | C66: 45717 | D66: Commercial / Industrial | E66: 13 | F66: Nonresidential | G66: 9326.94 | H66: 129948.18 | I66: 0 | J66: 0 | K66: 0 | L66: 0 | M66: 272.8 | N66: 0 | O66: 213.95533 | P66: 3 | Q66: 16 | R66: 0 | S66: SCE | T66: =2025 -> 2025
A67: New Construction | B67: All Electric | C67: 45717 | D67: Commercial / Industrial | E67: 14 | F67: Nonresidential | G67: 0 | H67: 335424.5 | I67: 35208.17 | J67: 0 | K67: 0 | L67: 0 | M67: 16008.06 | N67: 0 | O67: 255.61046 | P67: 8 | Q67: 8 | R67: 0 | S67: SCE | T67: =2025 -> 2025
A68: New Construction | B68: All Electric | C68: 45717 | D68: Commercial / Industrial | E68: 15 | F68: Nonresidential | G68: 0 | H68: 138001.45 | I68: 0 | J68: 0 | K68: 0 | L68: 0 | M68: 4101.21 | N68: 0 | O68: 146.01279 | P68: 2 | Q68: 6 | R68: 0 | S68: SCE | T68: =2025 -> 2025
A69: New Construction | B69: All Electric | C69: 45717 | D69: Commercial / Industrial | E69: 16 | F69: Nonresidential | G69: 0 | H69: 0 | I69: 0 | J69: 0 | K69: 0 | L69: 0 | M69: 0 | N69: 0 | O69: N/A | P69: 0 | Q69: 5 | R69: 0 | S69: SCE | T69: =2025 -> 2025
A70: New Construction | B70: All Electric | C70: 45717 | D70: Residential | E70: 6 | F70: Multi-Family | G70: 147.57 | H70: 9365.94 | I70: 0 | J70: 0 | K70: 0 | L70: 0 | M70: 7854.83 | N70: 0 | O70: 78.679365 | P70: 3 | Q70: 25 | R70: 1 | S70: SCE | T70: =2025 -> 2025
A71: New Construction | B71: All Electric | C71: 45717 | D71: Residential | E71: 6 | F71: Single-Family | G71: 26746.32 | H71: 29792.97 | I71: 0 | J71: 0 | K71: 0 | L71: 0 | M71: 16215.85 | N71: 0 | O71: 96.355379 | P71: 24 | Q71: 5 | R71: 0 | S71: SCE | T71: =2025 -> 2025
A72: New Construction | B72: All Electric | C72: 45717 | D72: Residential | E72: 8 | F72: Multi-Family | G72: 0 | H72: 0 | I72: 0 | J72: 0 | K72: 0 | L72: 0 | M72: 0 | N72: 0 | O72: N/A | P72: 0 | Q72: 24 | R72: 0 | S72: SCE | T72: =2025 -> 2025
A73: New Construction | B73: All Electric | C73: 45717 | D73: Residential | E73: 8 | F73: Single-Family | G73: 0 | H73: 20091.79 | I73: 0 | J73: 0 | K73: 0 | L73: 0 | M73: 2035.39 | N73: 0 | O73: 67.785827 | P73: 19 | Q73: 3 | R73: 3 | S73: SCE | T73: =2025 -> 2025
A74: New Construction | B74: All Electric | C74: 45717 | D74: Residential | E74: 9 | F74: Multi-Family | G74: 0 | H74: 1128.81 | I74: 0 | J74: 0 | K74: 0 | L74: 0 | M74: 0 | N74: 0 | O74: 33.576668 | P74: 2 | Q74: 35 | R74: 1 | S74: SCE | T74: =2025 -> 2025
A75: New Construction | B75: All Electric | C75: 45717 | D75: Residential | E75: 9 | F75: Single-Family | G75: 14866.3 | H75: 28498.43 | I75: 108951.35 | J75: 0 | K75: 0 | L75: 0 | M75: 13932.75 | N75: 0 | O75: 76.271049 | P75: 29 | Q75: 3 | R75: 1 | S75: SCE | T75: =2025 -> 2025
A76: New Construction | B76: All Electric | C76: 45717 | D76: Residential | E76: 10 | F76: Multi-Family | G76: 0 | H76: 21068.54 | I76: 0 | J76: 0 | K76: 0 | L76: 0 | M76: 0 | N76: 0 | O76: 73.939914 | P76: 6 | Q76: 83 | R76: 2 | S76: SCE | T76: =2025 -> 2025
A77: New Construction | B77: All Electric | C77: 45717 | D77: Residential | E77: 10 | F77: Single-Family | G77: 182957.77 | H77: 145521.29 | I77: 361766.91 | J77: 0 | K77: 0 | L77: 0 | M77: 166554.77 | N77: 782413.52 | O77: 109.00326 | P77: 41 | Q77: 2 | R77: 1 | S77: SCE | T77: =2025 -> 2025
A78: New Construction | B78: All Electric | C78: 45717 | D78: Residential | E78: 13 | F78: Multi-Family | G78: 0 | H78: 0 | I78: 0 | J78: 0 | K78: 0 | L78: 0 | M78: 0 | N78: 0 | O78: N/A | P78: 0 | Q78: 15 | R78: 11 | S78: SCE | T78: =2025 -> 2025
A79: New Construction | B79: All Electric | C79: 45717 | D79: Residential | E79: 13 | F79: Single-Family | G79: 326209.7 | H79: 4060.96 | I79: 10 | J79: 0 | K79: 0 | L79: 0 | M79: 38263.39 | N79: 0 | O79: 93.340946 | P79: 8 | Q79: 0 | R79: 0 | S79: SCE | T79: =2025 -> 2025
A80: New Construction | B80: All Electric | C80: 45717 | D80: Residential | E80: 14 | F80: Multi-Family | G80: 0 | H80: 4235.18 | I80: 0 | J80: 0 | K80: 0 | L80: 0 | M80: 0 | N80: 0 | O80: 19.045943 | P80: 4 | Q80: 60 | R80: 0 | S80: SCE | T80: =2025 -> 2025
A81: New Construction | B81: All Electric | C81: 45717 | D81: Residential | E81: 14 | F81: Single-Family | G81: 663851.19 | H81: 142507.92 | I81: 115275.63 | J81: 0 | K81: 0 | L81: 0 | M81: 148222.01 | N81: 0 | O81: 90.934943 | P81: 43 | Q81: 5 | R81: 0 | S81: SCE | T81: =2025 -> 2025
A82: New Construction | B82: All Electric | C82: 45717 | D82: Residential | E82: 15 | F82: Multi-Family | G82: 0 | H82: 0 | I82: 0 | J82: 0 | K82: 0 | L82: 0 | M82: 0 | N82: 0 | O82: N/A | P82: 0 | Q82: 23 | R82: 0 | S82: SCE | T82: =2025 -> 2025
A83: New Construction | B83: All Electric | C83: 45717 | D83: Residential | E83: 15 | F83: Single-Family | G83: 0 | H83: 4244.86 | I83: 0 | J83: 0 | K83: 0 | L83: 0 | M83: 0 | N83: 0 | O83: 261.34969 | P83: 5 | Q83: 0 | R83: 0 | S83: SCE | T83: =2025 -> 2025
A84: New Construction | B84: All Electric | C84: 45717 | D84: Residential | E84: 16 | F84: Multi-Family | G84: 0 | H84: 5129.85 | I84: 0 | J84: 0 | K84: 0 | L84: 0 | M84: 459.26 | N84: 0 | O84: 94.097067 | P84: 3 | Q84: 6 | R84: 0 | S84: SCE | T84: =2025 -> 2025
A85: New Construction | B85: All Electric | C85: 45717 | D85: Residential | E85: 16 | F85: Single-Family | G85: 0 | H85: 7543.45 | I85: 0 | J85: 0 | K85: 0 | L85: 0 | M85: 0 | N85: 0 | O85: 74.489377 | P85: 2 | Q85: 0 | R85: 0 | S85: SCE | T85: =2025 -> 2025
A86: New Construction | B86: Mixed Fuel | C86: 45658 | D86: Agriculture | E86: 6 | F86: Nonresidential | G86: 0 | H86: 0 | I86: 0 | J86: 0 | K86: 0 | L86: 0 | M86: 0 | N86: 0 | O86: N/A | P86: 0 | Q86: 3 | R86: 0 | S86: SCE | T86: =2025 -> 2025
A87: New Construction | B87: Mixed Fuel | C87: 45658 | D87: Agriculture | E87: 9 | F87: Nonresidential | G87: 0 | H87: 0 | I87: 1594.8 | J87: 0 | K87: 0 | L87: 0 | M87: 0 | N87: 0 | O87: N/A | P87: 0 | Q87: 0 | R87: 0 | S87: SCE | T87: =2025 -> 2025
A88: New Construction | B88: Mixed Fuel | C88: 45658 | D88: Agriculture | E88: 10 | F88: Nonresidential | G88: 0 | H88: 0 | I88: 0 | J88: 0 | K88: 0 | L88: 0 | M88: 0 | N88: 0 | O88: 865.69887 | P88: 0 | Q88: 0 | R88: 0 | S88: SCE | T88: =2025 -> 2025
A89: New Construction | B89: Mixed Fuel | C89: 45658 | D89: Agriculture | E89: 13 | F89: Nonresidential | G89: 0 | H89: 58140.98 | I89: 0 | J89: 0 | K89: 0 | L89: 0 | M89: 0 | N89: 0 | O89: 426.594 | P89: 1 | Q89: 1 | R89: 0 | S89: SCE | T89: =2025 -> 2025
A90: New Construction | B90: Mixed Fuel | C90: 45658 | D90: Commercial / Industrial | E90: 6 | F90: Nonresidential | G90: 5254.14 | H90: 207493.59 | I90: 25610.86 | J90: 0 | K90: 0 | L90: 0 | M90: 44078.16 | N90: 0 | O90: 145.53039 | P90: 9 | Q90: 10 | R90: 0 | S90: SCE | T90: =2025 -> 2025
A91: New Construction | B91: Mixed Fuel | C91: 45658 | D91: Commercial / Industrial | E91: 8 | F91: Nonresidential | G91: 407599.73 | H91: 509279.54 | I91: 438213.67 | J91: 0 | K91: 0 | L91: 0 | M91: 151947.01 | N91: 0 | O91: 432.80408 | P91: 28 | Q91: 25 | R91: 0 | S91: SCE | T91: =2025 -> 2025
A92: New Construction | B92: Mixed Fuel | C92: 45658 | D92: Commercial / Industrial | E92: 9 | F92: Nonresidential | G92: 0 | H92: 102394.18 | I92: 29668.24 | J92: 0 | K92: 0 | L92: 0 | M92: 21153.78 | N92: 0 | O92: 386.8041 | P92: 5 | Q92: 15 | R92: 0 | S92: SCE | T92: =2025 -> 2025
A93: New Construction | B93: Mixed Fuel | C93: 45658 | D93: Commercial / Industrial | E93: 10 | F93: Nonresidential | G93: 107214.66 | H93: 284377.37 | I93: 29236.24 | J93: 0 | K93: 0 | L93: 0 | M93: 51516.41 | N93: 0 | O93: 370.05107 | P93: 20 | Q93: 19 | R93: 0 | S93: SCE | T93: =2025 -> 2025
A94: New Construction | B94: Mixed Fuel | C94: 45658 | D94: Commercial / Industrial | E94: 13 | F94: Nonresidential | G94: 0 | H94: 13440.8 | I94: 871.98 | J94: 0 | K94: 0 | L94: 0 | M94: 0 | N94: 0 | O94: 681.55808 | P94: 1 | Q94: 3 | R94: 0 | S94: SCE | T94: =2025 -> 2025
A95: New Construction | B95: Mixed Fuel | C95: 45658 | D95: Commercial / Industrial | E95: 14 | F95: Nonresidential | G95: 0 | H95: 234178.46 | I95: 33749.46 | J95: 0 | K95: 0 | L95: 0 | M95: 21924.56 | N95: 0 | O95: 310.67505 | P95: 4 | Q95: 10 | R95: 0 | S95: SCE | T95: =2025 -> 2025
A96: New Construction | B96: Mixed Fuel | C96: 45658 | D96: Commercial / Industrial | E96: 15 | F96: Nonresidential | G96: 0 | H96: 0 | I96: 0 | J96: 0 | K96: 0 | L96: 0 | M96: 0 | N96: 0 | O96: N/A | P96: 0 | Q96: 6 | R96: 0 | S96: SCE | T96: =2025 -> 2025
A97: New Construction | B97: Mixed Fuel | C97: 45658 | D97: Commercial / Industrial | E97: 16 | F97: Nonresidential | G97: 21427.46 | H97: 4143.12 | I97: 85.84 | J97: 0 | K97: 0 | L97: 0 | M97: 887.92 | N97: 0 | O97: 395.97014 | P97: 2 | Q97: 6 | R97: 0 | S97: SCE | T97: =2025 -> 2025
A98: New Construction | B98: Mixed Fuel | C98: 45658 | D98: Residential | E98: 6 | F98: Multi-Family | G98: 0 | H98: 51846.36 | I98: 0 | J98: 0 | K98: 0 | L98: 0 | M98: 9645.1 | N98: 1662.12 | O98: 300.13768 | P98: 3 | Q98: 66 | R98: 0 | S98: SCE | T98: =2025 -> 2025
A99: New Construction | B99: Mixed Fuel | C99: 45658 | D99: Residential | E99: 6 | F99: Single-Family | G99: 0 | H99: 188168.47 | I99: 33682.29 | J99: 0 | K99: 0 | L99: 0 | M99: 87667.7 | N99: 540601.47 | O99: 225.37977 | P99: 73 | Q99: 1 | R99: 0 | S99: SCE | T99: =2025 -> 2025
A100: New Construction | B100: Mixed Fuel | C100: 45658 | D100: Residential | E100: 8 | F100: Multi-Family | G100: 5857.96 | H100: 27012.05 | I100: 0 | J100: 0 | K100: 0 | L100: 0 | M100: 6796.6 | N100: 0 | O100: 236.11016 | P100: 12 | Q100: 75 | R100: 0 | S100: SCE | T100: =2025 -> 2025
...

Sheet SDGE_Q1_2025
A1: New Construction / Upgrade | B1: Mixed Fuel / All Electric | C1: Months | D1: Customer Class | E1: Baseline / Climate Zone | F1: Multi Dwelling | G1: Total Discounts (Non-Exempted Projects) | H1: Total Allowances (Non-Exempted Projects) | I1: Total Refund Payments Provided to Builders (Non-Exempted Projects) | J1: Total Discounts (Exempted projects) | K1: Total Allowances (Exempted projects) | L1: Total Refund Payments Provided to Builders (Exempted projects) | M1: Total Estimated Non-Refundable | N1: Total Estimated Refundable | O1: Average Number of days between full payment and Project Energization | P1: Total Electric Line Extensions Energized | Q1: Total Electric Line Extension Applications (IOU Installed) | R1: Total Electric Line Extension Applications (Applicant Installed) | S1: IoU | T1: Year
A2: New Construction | B2: All Electric | C2: 45658 | D2: Commercial | E2: Unknown | F2: Nonresidential | G2: 0 | H2: 0 | I2: 0 | J2: 0 | K2: 0 | L2: 0 | M2: 0 | N2: 0 | O2: 0 | P2: 1 | Q2: 37 | R2: 0 | S2: SDGE | T2: 2025
A3: New Construction | B3: All Electric | C3: 45658 | D3: Residential | E3: Unknown | F3: Unknown | G3: 0 | H3: 0 | I3: 0 | J3: 0 | K3: 0 | L3: 0 | M3: 0 | N3: 0 | O3: 0 | P3: 1 | Q3: 5 | R3: 0 | S3: SDGE | T3: 2025
A4: New Construction | B4: All Electric | C4: 45658 | D4: Commercial | E4: 6 | F4: Nonresidential | G4: 0 | H4: 0 | I4: 0 | J4: 0 | K4: 0 | L4: 0 | M4: 0 | N4: 0 | O4: 47 | P4: 2 | Q4: 13 | R4: 0 | S4: SDGE | T4: 2025
A5: New Construction | B5: All Electric | C5: 45658 | D5: Residential | E5: 6 | F5: Unknown | G5: 0 | H5: 0 | I5: 0 | J5: 0 | K5: 0 | L5: 0 | M5: 0 | N5: 0 | O5: 0 | P5: 4 | Q5: 13 | R5: 0 | S5: SDGE | T5: 2025
A6: New Construction | B6: All Electric | C6: 45658 | D6: Residential | E6: 6 | F6: Single-Family | G6: 0 | H6: 2610.91 | I6: 0 | J6: 0 | K6: 0 | L6: 0 | M6: 853 | N6: 0 | O6: 161 | P6: 4 | Q6: 1 | R6: 0 | S6: SDGE | T6: 2025
A7: New Construction | B7: All Electric | C7: 45658 | D7: Commercial | E7: 7 | F7: Nonresidential | G7: 0 | H7: 59343.11 | I7: 0 | J7: 0 | K7: 0 | L7: 0 | M7: 260 | N7: 0 | O7: 88 | P7: 21 | Q7: 106 | R7: 0 | S7: SDGE | T7: 2025
A8: New Construction | B8: All Electric | C8: 45658 | D8: Residential | E8: 7 | F8: Unknown | G8: 15489 | H8: 48292.14 | I8: 0 | J8: 0 | K8: 0 | L8: 0 | M8: 47726 | N8: 0 | O8: 269 | P8: 74 | Q8: 162 | R8: 0 | S8: SDGE | T8: 2025
A9: New Construction | B9: All Electric | C9: 45658 | D9: Residential | E9: 7 | F9: Multi-Family | G9: 0 | H9: 10560.6 | I9: 0 | J9: 0 | K9: 0 | L9: 0 | M9: 1120 | N9: 0 | O9: 147 | P9: 3 | Q9: 6 | R9: 0 | S9: SDGE | T9: 2025
A10: New Construction | B10: All Electric | C10: 45658 | D10: Residential | E10: 7 | F10: Single-Family | G10: 31803.25 | H10: 61925.62 | I10: 0 | J10: 0 | K10: 0 | L10: 0 | M10: 55552 | N10: 46500.62 | O10: 181 | P10: 14 | Q10: 49 | R10: 0 | S10: SDGE | T10: 2025
A11: New Construction | B11: All Electric | C11: 45658 | D11: Commercial | E11: 10 | F11: Nonresidential | G11: 0 | H11: 35317.84 | I11: 0 | J11: 0 | K11: 0 | L11: 0 | M11: 1677 | N11: 0 | O11: 116 | P11: 6 | Q11: 29 | R11: 0 | S11: SDGE | T11: 2025
A12: New Construction | B12: All Electric | C12: 45658 | D12: Residential | E12: 10 | F12: Unknown | G12: 0 | H12: 17630.46 | I12: 0 | J12: 0 | K12: 0 | L12: 0 | M12: 34487 | N12: 0 | O12: 95 | P12: 20 | Q12: 46 | R12: 0 | S12: SDGE | T12: 2025
A13: New Construction | B13: All Electric | C13: 45658 | D13: Residential | E13: 10 | F13: Multi-Family | G13: 18690.53 | H13: 1903.89 | I13: 0 | J13: 0 | K13: 0 | L13: 0 | M13: 34560 | N13: 37381.06 | O13: 467 | P13: 2 | Q13: 3 | R13: 0 | S13: SDGE | T13: 2025
A14: New Construction | B14: All Electric | C14: 45658 | D14: Residential | E14: 10 | F14: Single-Family | G14: 22284 | H14: 19293.38 | I14: 0 | J14: 0 | K14: 0 | L14: 0 | M14: 27349 | N14: 0 | O14: 325 | P14: 18 | Q14: 41 | R14: 0 | S14: SDGE | T14: 2025
A15: New Construction | B15: All Electric | C15: 45658 | D15: Residential | E15: 14 | F15: Unknown | G15: 0 | H15: 0 | I15: 0 | J15: 0 | K15: 0 | L15: 0 | M15: 0 | N15: 0 | O15: 64 | P15: 1 | Q15: 0 | R15: 0 | S15: SDGE | T15: 2025
A16: New Construction | B16: Mixed Fuel | C16: 45658 | D16: Commercial | E16: Unknown | F16: Nonresidential | G16: 0 | H16: 0 | I16: 0 | J16: 0 | K16: 0 | L16: 0 | M16: 0 | N16: 0 | O16: 138 | P16: 1 | Q16: 0 | R16: 0 | S16: SDGE | T16: 2025
A17: New Construction | B17: Mixed Fuel | C17: 45658 | D17: Residential | E17: Unknown | F17: Unknown | G17: 0 | H17: 743.78 | I17: 0 | J17: 0 | K17: 0 | L17: 0 | M17: 0 | N17: 0 | O17: 0 | P17: 7 | Q17: 4 | R17: 0 | S17: SDGE | T17: 2025
A18: New Construction | B18: Mixed Fuel | C18: 45658 | D18: Commercial | E18: 6 | F18: Nonresidential | G18: 0 | H18: 0 | I18: 0 | J18: 0 | K18: 0 | L18: 0 | M18: 23663 | N18: 0 | O18: 230 | P18: 1 | Q18: 0 | R18: 0 | S18: SDGE | T18: 2025
A19: New Construction | B19: Mixed Fuel | C19: 45658 | D19: Residential | E19: 6 | F19: Unknown | G19: 0 | H19: 1142.36 | I19: 0 | J19: 0 | K19: 0 | L19: 0 | M19: 0 | N19: 0 | O19: 0 | P19: 1 | Q19: 0 | R19: 0 | S19: SDGE | T19: 2025
A20: New Construction | B20: Mixed Fuel | C20: 45658 | D20: Residential | E20: 6 | F20: Single-Family | G20: 6074.04 | H20: 4602.4 | I20: 0 | J20: 0 | K20: 0 | L20: 0 | M20: 529 | N20: 0 | O20: 436 | P20: 3 | Q20: 0 | R20: 0 | S20: SDGE | T20: 2025
A21: New Construction | B21: Mixed Fuel | C21: 45658 | D21: Commercial | E21: 7 | F21: Nonresidential | G21: 63755.99 | H21: 70545.02 | I21: 0 | J21: 0 | K21: 0 | L21: 0 | M21: 128430 | N21: 8945 | O21: 214 | P21: 28 | Q21: 31 | R21: 0 | S21: SDGE | T21: 2025
A22: New Construction | B22: Mixed Fuel | C22: 45658 | D22: Industrial | E22: 7 | F22: Nonresidential | G22: 0 | H22: 27600.72 | I22: 0 | J22: 0 | K22: 0 | L22: 0 | M22: 0 | N22: 0 | O22: 0 | P22: 1 | Q22: 0 | R22: 0 | S22: SDGE | T22: 2025
A23: New Construction | B23: Mixed Fuel | C23: 45658 | D23: Residential | E23: 7 | F23: Unknown | G23: 274651.9 | H23: 16438.09 | I23: 0 | J23: 0 | K23: 0 | L23: 0 | M23: 380908 | N23: 0 | O23: 157 | P23: 58 | Q23: 64 | R23: 0 | S23: SDGE | T23: 2025
A24: New Construction | B24: Mixed Fuel | C24: 45658 | D24: Residential | E24: 7 | F24: Multi-Family | G24: 18708.3 | H24: 201584.93 | I24: 0 | J24: 0 | K24: 0 | L24: 0 | M24: 37632 | N24: 37416.61 | O24: 431 | P24: 13 | Q24: 1 | R24: 0 | S24: SDGE | T24: 2025
A25: New Construction | B25: Mixed Fuel | C25: 45658 | D25: Residential | E25: 7 | F25: Single-Family | G25: 515.45 | H25: 88033.52 | I25: 0 | J25: 0 | K25: 0 | L25: 0 | M25: 23163 | N25: 0 | O25: 246 | P25: 20 | Q25: 11 | R25: 0 | S25: SDGE | T25: 2025
A26: New Construction | B26: Mixed Fuel | C26: 45658 | D26: Commercial | E26: 10 | F26: Nonresidential | G26: 0 | H26: 0 | I26: 0 | J26: 0 | K26: 0 | L26: 0 | M26: 6504 | N26: 0 | O26: 124 | P26: 4 | Q26: 22 | R26: 0 | S26: SDGE | T26: 2025
A27: New Construction | B27: Mixed Fuel | C27: 45658 | D27: Residential | E27: 10 | F27: Unknown | G27: 0 | H27: 0 | I27: 0 | J27: 0 | K27: 0 | L27: 0 | M27: 4670 | N27: 0 | O27: 63 | P27: 4 | Q27: 17 | R27: 0 | S27: SDGE | T27: 2025
A28: New Construction | B28: Mixed Fuel | C28: 45658 | D28: Residential | E28: 10 | F28: Multi-Family | G28: 0 | H28: 53496.04 | I28: 0 | J28: 0 | K28: 0 | L28: 0 | M28: 5676 | N28: 0 | O28: 355 | P28: 1 | Q28: 2 | R28: 0 | S28: SDGE | T28: 2025
A29: New Construction | B29: Mixed Fuel | C29: 45658 | D29: Residential | E29: 10 | F29: Single-Family | G29: 0 | H29: 2228.38 | I29: 0 | J29: 0 | K29: 0 | L29: 0 | M29: 3967 | N29: 0 | O29: 122 | P29: 4 | Q29: 15 | R29: 0 | S29: SDGE | T29: 2025
A30: Upgrade | B30: All Electric | C30: 45658 | D30: Residential | E30: Unknown | F30: Unknown | G30: 0 | H30: 0 | I30: 0 | J30: 0 | K30: 0 | L30: 0 | M30: 0 | N30: 0 | O30: 0 | P30: 4 | Q30: 0 | R30: 0 | S30: SDGE | T30: 2025
A31: Upgrade | B31: All Electric | C31: 45658 | D31: Commercial | E31: 6 | F31: Nonresidential | G31: 0 | H31: 0 | I31: 0 | J31: 0 | K31: 0 | L31: 0 | M31: 0 | N31: 0 | O31: 0 | P31: 1 | Q31: 5 | R31: 0 | S31: SDGE | T31: 2025
A32: Upgrade | B32: All Electric | C32: 45658 | D32: Residential | E32: 6 | F32: Unknown | G32: 0 | H32: 21717.52 | I32: 0 | J32: 0 | K32: 0 | L32: 0 | M32: 0 | N32: 0 | O32: 0 | P32: 35 | Q32: 60 | R32: 0 | S32: SDGE | T32: 2025
A33: Upgrade | B33: All Electric | C33: 45658 | D33: Residential | E33: 6 | F33: Single-Family | G33: 0 | H33: 727.04 | I33: 0 | J33: 0 | K33: 0 | L33: 0 | M33: 0 | N33: 0 | O33: 0 | P33: 1 | Q33: 1 | R33: 0 | S33: SDGE | T33: 2025
A34: Upgrade | B34: All Electric | C34: 45658 | D34: Commercial | E34: 7 | F34: Nonresidential | G34: 0 | H34: 0 | I34: 0 | J34: 0 | K34: 0 | L34: 0 | M34: 0 | N34: 0 | O34: 69 | P34: 4 | Q34: 84 | R34: 0 | S34: SDGE | T34: 2025
A35: Upgrade | B35: All Electric | C35: 45658 | D35: Residential | E35: 7 | F35: Unknown | G35: 0 | H35: 264279.78 | I35: 0 | J35: 0 | K35: 0 | L35: 0 | M35: 9668 | N35: 0 | O35: 124 | P35: 281 | Q35: 445 | R35: 0 | S35: SDGE | T35: 2025
A36: Upgrade | B36: All Electric | C36: 45658 | D36: Residential | E36: 7 | F36: Multi-Family | G36: 0 | H36: 2412.15 | I36: 0 | J36: 0 | K36: 0 | L36: 0 | M36: 0 | N36: 0 | O36: 0 | P36: 1 | Q36: 5 | R36: 0 | S36: SDGE | T36: 2025
A37: Upgrade | B37: All Electric | C37: 45658 | D37: Residential | E37: 7 | F37: Single-Family | G37: 0 | H37: 0 | I37: 0 | J37: 0 | K37: 0 | L37: 0 | M37: 0 | N37: 0 | O37: 0 | P37: 1 | Q37: 12 | R37: 0 | S37: SDGE | T37: 2025
A38: Upgrade | B38: All Electric | C38: 45658 | D38: Commercial | E38: 8 | F38: Nonresidential | G38: 0 | H38: 0 | I38: 0 | J38: 0 | K38: 0 | L38: 0 | M38: 0 | N38: 0 | O38: 0 | P38: 1 | Q38: 0 | R38: 0 | S38: SDGE | T38: 2025
A39: Upgrade | B39: All Electric | C39: 45658 | D39: Residential | E39: 8 | F39: Unknown | G39: 0 | H39: 3981 | I39: 0 | J39: 0 | K39: 0 | L39: 0 | M39: 0 | N39: 0 | O39: 0 | P39: 5 | Q39: 10 | R39: 0 | S39: SDGE | T39: 2025
A40: Upgrade | B40: All Electric | C40: 45658 | D40: Commercial | E40: 10 | F40: Nonresidential | G40: 0 | H40: 0 | I40: 0 | J40: 0 | K40: 0 | L40: 0 | M40: 0 | N40: 0 | O40: 0 | P40: 4 | Q40: 13 | R40: 0 | S40: SDGE | T40: 2025
A41: Upgrade | B41: All Electric | C41: 45658 | D41: Residential | E41: 10 | F41: Unknown | G41: 0 | H41: 118064.98 | I41: 0 | J41: 0 | K41: 0 | L41: 0 | M41: 812 | N41: 0 | O41: 160 | P41: 143 | Q41: 199 | R41: 0 | S41: SDGE | T41: 2025
A42: Upgrade | B42: All Electric | C42: 45658 | D42: Residential | E42: 10 | F42: Single-Family | G42: 0 | H42: 1432.24 | I42: 0 | J42: 0 | K42: 0 | L42: 0 | M42: 0 | N42: 0 | O42: 0 | P42: 1 | Q42: 54 | R42: 0 | S42: SDGE | T42: 2025
A43: Upgrade | B43: All Electric | C43: 45658 | D43: Residential | E43: 14 | F43: Unknown | G43: 0 | H43: 0 | I43: 0 | J43: 0 | K43: 0 | L43: 0 | M43: 0 | N43: 0 | O43: 0 | P43: 1 | Q43: 6 | R43: 0 | S43: SDGE | T43: 2025
A44: Upgrade | B44: Mixed Fuel | C44: 45658 | D44: Residential | E44: Unknown | F44: Unknown | G44: 0 | H44: 3095.07 | I44: 0 | J44: 0 | K44: 0 | L44: 0 | M44: 0 | N44: 0 | O44: 0 | P44: 2 | Q44: 0 | R44: 0 | S44: SDGE | T44: 2025
A45: Upgrade | B45: Mixed Fuel | C45: 45658 | D45: Residential | E45: 6 | F45: Unknown | G45: 0 | H45: 4758.7 | I45: 0 | J45: 0 | K45: 0 | L45: 0 | M45: 0 | N45: 0 | O45: 0 | P45: 5 | Q45: 0 | R45: 0 | S45: SDGE | T45: 2025
A46: Upgrade | B46: Mixed Fuel | C46: 45658 | D46: Residential | E46: 6 | F46: Single-Family | G46: 0 | H46: 979.58 | I46: 0 | J46: 0 | K46: 0 | L46: 0 | M46: 0 | N46: 0 | O46: 0 | P46: 1 | Q46: 0 | R46: 0 | S46: SDGE | T46: 2025
A47: Upgrade | B47: Mixed Fuel | C47: 45658 | D47: Commercial | E47: 7 | F47: Nonresidential | G47: 0 | H47: 10728.01 | I47: 0 | J47: 0 | K47: 0 | L47: 0 | M47: 51724 | N47: 0 | O47: 256 | P47: 5 | Q47: 26 | R47: 0 | S47: SDGE | T47: 2025
A48: Upgrade | B48: Mixed Fuel | C48: 45658 | D48: Residential | E48: 7 | F48: Unknown | G48: 7174.7 | H48: 12834.83 | I48: 0 | J48: 0 | K48: 0 | L48: 0 | M48: 32819 | N48: 0 | O48: 195 | P48: 28 | Q48: 81 | R48: 0 | S48: SDGE | T48: 2025
A49: Upgrade | B49: Mixed Fuel | C49: 45658 | D49: Residential | E49: 7 | F49: Multi-Family | G49: 0 | H49: 0 | I49: 0 | J49: 0 | K49: 0 | L49: 0 | M49: 2114 | N49: 0 | O49: 869 | P49: 1 | Q49: 4 | R49: 0 | S49: SDGE | T49: 2025
A50: Upgrade | B50: Mixed Fuel | C50: 45658 | D50: Commercial | E50: 10 | F50: Nonresidential | G50: 0 | H50: 0 | I50: 0 | J50: 0 | K50: 0 | L50: 0 | M50: 15232 | N50: 0 | O50: 167 | P50: 2 | Q50: 5 | R50: 0 | S50: SDGE | T50: 2025
A51: Upgrade | B51: Mixed Fuel | C51: 45658 | D51: Residential | E51: 10 | F51: Unknown | G51: 0 | H51: 2614 | I51: 0 | J51: 0 | K51: 0 | L51: 0 | M51: 4689 | N51: 0 | O51: 334 | P51: 4 | Q51: 21 | R51: 0 | S51: SDGE | T51: 2025
A52: New Construction | B52: All Electric | C52: 45689 | D52: Commercial | E52: Unknown | F52: Nonresidential | G52: 0 | H52: 476.82 | I52: 0 | J52: 0 | K52: 0 | L52: 0 | M52: 0 | N52: 0 | O52: 0 | P52: 1 | Q52: 19 | R52: 0 | S52: SDGE | T52: 2025
A53: New Construction | B53: All Electric | C53: 45689 | D53: Residential | E53: 6 | F53: Unknown | G53: 0 | H53: 2830.61 | I53: 0 | J53: 0 | K53: 0 | L53: 0 | M53: 0 | N53: 0 | O53: 167 | P53: 3 | Q53: 7 | R53: 0 | S53: SDGE | T53: 2025
A54: New Construction | B54: All Electric | C54: 45689 | D54: Residential | E54: 6 | F54: Single-Family | G54: 0 | H54: 836.29 | I54: 0 | J54: 0 | K54: 0 | L54: 0 | M54: 0 | N54: 0 | O54: 0 | P54: 1 | Q54: 1 | R54: 0 | S54: SDGE | T54: 2025
A55: New Construction | B55: All Electric | C55: 45689 | D55: Commercial | E55: 7 | F55: Nonresidential | G55: 42272.74 | H55: 711611.17 | I55: 0 | J55: 0 | K55: 0 | L55: 0 | M55: 80102 | N55: 84545.48 | O55: 129 | P55: 33 | Q55: 88 | R55: 0 | S55: SDGE | T55: 2025
A56: New Construction | B56: All Electric | C56: 45689 | D56: Residential | E56: 7 | F56: Unknown | G56: 0 | H56: 57171.32 | I56: 0 | J56: 0 | K56: 0 | L56: 0 | M56: 8259 | N56: 0 | O56: 164 | P56: 65 | Q56: 162 | R56: 0 | S56: SDGE | T56: 2025
A57: New Construction | B57: All Electric | C57: 45689 | D57: Residential | E57: 7 | F57: Multi-Family | G57: 0 | H57: 26026.22 | I57: 0 | J57: 0 | K57: 0 | L57: 0 | M57: 0 | N57: 0 | O57: 104 | P57: 3 | Q57: 23 | R57: 0 | S57: SDGE | T57: 2025
A58: New Construction | B58: All Electric | C58: 45689 | D58: Residential | E58: 7 | F58: Single-Family | G58: 56824.25 | H58: 40042.21 | I58: 0 | J58: 0 | K58: 0 | L58: 0 | M58: 108525 | N58: 113648.5 | O58: 218 | P58: 14 | Q58: 99 | R58: 0 | S58: SDGE | T58: 2025
A59: New Construction | B59: All Electric | C59: 45689 | D59: Commercial | E59: 10 | F59: Nonresidential | G59: 0 | H59: 2305.76 | I59: 0 | J59: 0 | K59: 0 | L59: 0 | M59: 20278 | N59: 0 | O59: 92 | P59: 11 | Q59: 33 | R59: 0 | S59: SDGE | T59: 2025
A60: New Construction | B60: All Electric | C60: 45689 | D60: Residential | E60: 10 | F60: Unknown | G60: 0 | H60: 28351.53 | I60: 0 | J60: 0 | K60: 0 | L60: 0 | M60: 2450 | N60: 0 | O60: 112 | P60: 23 | Q60: 50 | R60: 0 | S60: SDGE | T60: 2025
A61: New Construction | B61: All Electric | C61: 45689 | D61: Residential | E61: 10 | F61: Single-Family | G61: 80773.32 | H61: 51235.77 | I61: 0 | J61: 0 | K61: 0 | L61: 0 | M61: 131707 | N61: 100812.64 | O61: 302 | P61: 26 | Q61: 16 | R61: 0 | S61: SDGE | T61: 2025
A62: New Construction | B62: All Electric | C62: 45689 | D62: Commercial | E62: 14 | F62: Nonresidential | G62: 0 | H62: 0 | I62: 0 | J62: 0 | K62: 0 | L62: 0 | M62: 0 | N62: 0 | O62: 34 | P62: 1 | Q62: 4 | R62: 0 | S62: SDGE | T62: 2025
A63: New Construction | B63: All Electric | C63: 45689 | D63: Residential | E63: 14 | F63: Single-Family | G63: 5872 | H63: 5283.44 | I63: 0 | J63: 0 | K63: 0 | L63: 0 | M63: 9432 | N63: 0 | O63: 502 | P63: 4 | Q63: 1 | R63: 0 | S63: SDGE | T63: 2025
A64: New Construction | B64: All Electric | C64: 45689 | D64: Residential | E64: 15 | F64: Single-Family | G64: 0 | H64: 463.84 | I64: 0 | J64: 0 | K64: 0 | L64: 0 | M64: 0 | N64: 0 | O64: 0 | P64: 1 | Q64: 0 | R64: 0 | S64: SDGE | T64: 2025
A65: New Construction | B65: Mixed Fuel | C65: 45689 | D65: Residential | E65: Unknown | F65: Unknown | G65: 0 | H65: 0 | I65: 0 | J65: 0 | K65: 0 | L65: 0 | M65: 0 | N65: 0 | O65: 0 | P65: 1 | Q65: 5 | R65: 0 | S65: SDGE | T65: 2025
A66: New Construction | B66: Mixed Fuel | C66: 45689 | D66: Residential | E66: Unknown | F66: Multi-Family | G66: 0 | H66: 0 | I66: 0 | J66: 0 | K66: 0 | L66: 0 | M66: 0 | N66: 0 | O66: 0 | P66: 1 | Q66: 0 | R66: 0 | S66: SDGE | T66: 2025
A67: New Construction | B67: Mixed Fuel | C67: 45689 | D67: Residential | E67: Unknown | F67: Single-Family | G67: 8612.83 | H67: 61599.33 | I67: 0 | J67: 0 | K67: 0 | L67: 0 | M67: 3593 | N67: 17225.65 | O67: 937 | P67: 3 | Q67: 2 | R67: 0 | S67: SDGE | T67: 2025
A68: New Construction | B68: Mixed Fuel | C68: 45689 | D68: Commercial | E68: 6 | F68: Nonresidential | G68: 0 | H68: 25150.93 | I68: 0 | J68: 0 | K68: 0 | L68: 0 | M68: 0 | N68: 0 | O68: 0 | P68: 2 | Q68: 0 | R68: 0 | S68: SDGE | T68: 2025
A69: New Construction | B69: Mixed Fuel | C69: 45689 | D69: Residential | E69: 6 | F69: Single-Family | G69: 0 | H69: 2821.75 | I69: 0 | J69: 0 | K69: 0 | L69: 0 | M69: 0 | N69: 0 | O69: 0 | P69: 1 | Q69: 0 | R69: 0 | S69: SDGE | T69: 2025
A70: New Construction | B70: Mixed Fuel | C70: 45689 | D70: Commercial | E70: 7 | F70: Nonresidential | G70: 0 | H70: 86787.82 | I70: 0 | J70: 0 | K70: 0 | L70: 0 | M70: 66465 | N70: 0 | O70: 362 | P70: 24 | Q70: 21 | R70: 0 | S70: SDGE | T70: 2025
A71: New Construction | B71: Mixed Fuel | C71: 45689 | D71: Industrial | E71: 7 | F71: Nonresidential | G71: 0 | H71: 30740.78 | I71: 0 | J71: 0 | K71: 0 | L71: 0 | M71: 0 | N71: 0 | O71: 0 | P71: 1 | Q71: 0 | R71: 0 | S71: SDGE | T71: 2025
A72: New Construction | B72: Mixed Fuel | C72: 45689 | D72: Residential | E72: 7 | F72: Unknown | G72: 2566 | H72: 14519.63 | I72: 0 | J72: 0 | K72: 0 | L72: 0 | M72: 56238 | N72: 0 | O72: 144 | P72: 50 | Q72: 93 | R72: 0 | S72: SDGE | T72: 2025
A73: New Construction | B73: Mixed Fuel | C73: 45689 | D73: Residential | E73: 7 | F73: Multi-Family | G73: 774.12 | H73: 285118.75 | I73: 0 | J73: 0 | K73: 0 | L73: 0 | M73: 7334 | N73: 1548.23 | O73: 397 | P73: 10 | Q73: 39 | R73: 0 | S73: SDGE | T73: 2025
A74: New Construction | B74: Mixed Fuel | C74: 45689 | D74: Residential | E74: 7 | F74: Single-Family | G74: 137765.81 | H74: 37438.05 | I74: 93171.18 | J74: 0 | K74: 0 | L74: 0 | M74: 203646 | N74: 234775.6 | O74: 218 | P74: 22 | Q74: 92 | R74: 1 | S74: SDGE | T74: 2025
A75: New Construction | B75: Mixed Fuel | C75: 45689 | D75: Residential | E75: 8 | F75: Single-Family | G75: 44791.38 | H75: 0 | I75: 0 | J75: 0 | K75: 0 | L75: 0 | M75: 62423 | N75: 89582.75 | O75: 568 | P75: 1 | Q75: 0 | R75: 0 | S75: SDGE | T75: 2025
A76: New Construction | B76: Mixed Fuel | C76: 45689 | D76: Agriculture | E76: 10 | F76: Nonresidential | G76: 0 | H76: 361 | I76: 0 | J76: 0 | K76: 0 | L76: 0 | M76: 102 | N76: 0 | O76: 332 | P76: 1 | Q76: 0 | R76: 0 | S76: SDGE | T76: 2025
A77: New Construction | B77: Mixed Fuel | C77: 45689 | D77: Commercial | E77: 10 | F77: Nonresidential | G77: 0 | H77: 6427.5 | I77: 0 | J77: 0 | K77: 0 | L77: 0 | M77: 246 | N77: 0 | O77: 75 | P77: 10 | Q77: 21 | R77: 0 | S77: SDGE | T77: 2025
A78: New Construction | B78: Mixed Fuel | C78: 45689 | D78: Residential | E78: 10 | F78: Unknown | G78: 0 | H78: 0 | I78: 0 | J78: 0 | K78: 0 | L78: 0 | M78: 97844 | N78: 0 | O78: 64 | P78: 7 | Q78: 17 | R78: 0 | S78: SDGE | T78: 2025
A79: New Construction | B79: Mixed Fuel | C79: 45689 | D79: Residential | E79: 10 | F79: Multi-Family | G79: 0 | H79: 25115.01 | I79: 0 | J79: 0 | K79: 0 | L79: 0 | M79: 7006 | N79: 0 | O79: 485 | P79: 3 | Q79: 1 | R79: 0 | S79: SDGE | T79: 2025
A80: New Construction | B80: Mixed Fuel | C80: 45689 | D80: Residential | E80: 10 | F80: Single-Family | G80: 0 | H80: 21887.54 | I80: 0 | J80: 0 | K80: 0 | L80: 0 | M80: 7832 | N80: 0 | O80: 149 | P80: 9 | Q80: 1 | R80: 0 | S80: SDGE | T80: 2025
A81: Upgrade | B81: All Electric | C81: 45689 | D81: Commercial | E81: Unknown | F81: Nonresidential | G81: 0 | H81: 0 | I81: 0 | J81: 0 | K81: 0 | L81: 0 | M81: 0 | N81: 0 | O81: 0 | P81: 1 | Q81: 0 | R81: 0 | S81: SDGE | T81: 2025
A82: Upgrade | B82: All Electric | C82: 45689 | D82: Residential | E82: Unknown | F82: Unknown | G82: 0 | H82: 0 | I82: 0 | J82: 0 | K82: 0 | L82: 0 | M82: 0 | N82: 0 | O82: 0 | P82: 2 | Q82: 0 | R82: 0 | S82: SDGE | T82: 2025
A83: Upgrade | B83: All Electric | C83: 45689 | D83: Agriculture | E83: 6 | F83: Nonresidential | G83: 0 | H83: 0 | I83: 0 | J83: 0 | K83: 0 | L83: 0 | M83: 0 | N83: 0 | O83: 0 | P83: 1 | Q83: 0 | R83: 0 | S83: SDGE | T83: 2025
A84: Upgrade | B84: All Electric | C84: 45689 | D84: Residential | E84: 6 | F84: Unknown | G84: 0 | H84: 22264.54 | I84: 0 | J84: 0 | K84: 0 | L84: 0 | M84: 0 | N84: 0 | O84: 0 | P84: 37 | Q84: 52 | R84: 0 | S84: SDGE | T84: 2025
A85: Upgrade | B85: All Electric | C85: 45689 | D85: Commercial | E85: 7 | F85: Nonresidential | G85: 0 | H85: 89381.14 | I85: 0 | J85: 0 | K85: 0 | L85: 0 | M85: 5711 | N85: 0 | O85: 471 | P85: 15 | Q85: 65 | R85: 0 | S85: SDGE | T85: 2025
A86: Upgrade | B86: All Electric | C86: 45689 | D86: Residential | E86: 7 | F86: Unknown | G86: 0 | H86: 324522.96 | I86: 0 | J86: 0 | K86: 0 | L86: 0 | M86: 20674 | N86: 0 | O86: 149 | P86: 331 | Q86: 565 | R86: 0 | S86: SDGE | T86: 2025
A87: Upgrade | B87: All Electric | C87: 45689 | D87: Residential | E87: 7 | F87: Multi-Family | G87: 0 | H87: 1456.24 | I87: 0 | J87: 0 | K87: 0 | L87: 0 | M87: 0 | N87: 0 | O87: 799 | P87: 1 | Q87: 7 | R87: 0 | S87: SDGE | T87: 2025
A88: Upgrade | B88: All Electric | C88: 45689 | D88: Residential | E88: 7 | F88: Single-Family | G88: 0 | H88: 0 | I88: 0 | J88: 0 | K88: 0 | L88: 0 | M88: 0 | N88: 0 | O88: 0 | P88: 1 | Q88: 12 | R88: 0 | S88: SDGE | T88: 2025
A89: Upgrade | B89: All Electric | C89: 45689 | D89: Residential | E89: 8 | F89: Unknown | G89: 0 | H89: 6316.85 | I89: 0 | J89: 0 | K89: 0 | L89: 0 | M89: 0 | N89: 0 | O89: 0 | P89: 7 | Q89: 8 | R89: 0 | S89: SDGE | T89: 2025
A90: Upgrade | B90: All Electric | C90: 45689 | D90: Commercial | E90: 10 | F90: Nonresidential | G90: 0 | H90: 1393.37 | I90: 0 | J90: 0 | K90: 0 | L90: 0 | M90: 1403 | N90: 0 | O90: 165 | P90: 2 | Q90: 21 | R90: 0 | S90: SDGE | T90: 2025
A91: Upgrade | B91: All Electric | C91: 45689 | D91: Residential | E91: 10 | F91: Unknown | G91: 0 | H91: 112185.46 | I91: 0 | J91: 0 | K91: 0 | L91: 0 | M91: 13191 | N91: 0 | O91: 189 | P91: 141 | Q91: 129 | R91: 0 | S91: SDGE | T91: 2025
A92: Upgrade | B92: All Electric | C92: 45689 | D92: Residential | E92: 10 | F92: Multi-Family | G92: 0 | H92: 1829.4 | I92: 0 | J92: 0 | K92: 0 | L92: 0 | M92: 0 | N92: 0 | O92: 0 | P92: 1 | Q92: 3 | R92: 0 | S92: SDGE | T92: 2025
A93: Upgrade | B93: All Electric | C93: 45689 | D93: Commercial | E93: 14 | F93: Nonresidential | G93: 0 | H93: 0 | I93: 0 | J93: 0 | K93: 0 | L93: 0 | M93: 0 | N93: 0 | O93: 0 | P93: 1 | Q93: 1 | R93: 0 | S93: SDGE | T93: 2025
A94: Upgrade | B94: All Electric | C94: 45689 | D94: Residential | E94: 14 | F94: Unknown | G94: 0 | H94: 1648.39 | I94: 0 | J94: 0 | K94: 0 | L94: 0 | M94: 0 | N94: 0 | O94: 0 | P94: 8 | Q94: 6 | R94: 0 | S94: SDGE | T94: 2025
A95: Upgrade | B95: Mixed Fuel | C95: 45689 | D95: Residential | E95: Unknown | F95: Unknown | G95: 0 | H95: 0 | I95: 0 | J95: 0 | K95: 0 | L95: 0 | M95: 0 | N95: 0 | O95: 0 | P95: 1 | Q95: 0 | R95: 0 | S95: SDGE | T95: 2025
A96: Upgrade | B96: Mixed Fuel | C96: 45689 | D96: Residential | E96: 6 | F96: Unknown | G96: 0 | H96: 2133.87 | I96: 0 | J96: 0 | K96: 0 | L96: 0 | M96: 0 | N96: 0 | O96: 0 | P96: 2 | Q96: 0 | R96: 0 | S96: SDGE | T96: 2025
A97: Upgrade | B97: Mixed Fuel | C97: 45689 | D97: Commercial | E97: 7 | F97: Nonresidential | G97: 0 | H97: 5575.03 | I97: 0 | J97: 0 | K97: 0 | L97: 0 | M97: 7539 | N97: 0 | O97: 222 | P97: 4 | Q97: 5 | R97: 0 | S97: SDGE | T97: 2025
A98: Upgrade | B98: Mixed Fuel | C98: 45689 | D98: Residential | E98: 7 | F98: Unknown | G98: 0 | H98: 5633.99 | I98: 0 | J98: 0 | K98: 0 | L98: 0 | M98: 17662 | N98: 0 | O98: 63 | P98: 21 | Q98: 64 | R98: 0 | S98: SDGE | T98: 2025
A99: Upgrade | B99: Mixed Fuel | C99: 45689 | D99: Residential | E99: 7 | F99: Single-Family | G99: 0 | H99: 1867.13 | I99: 0 | J99: 0 | K99: 0 | L99: 0 | M99: 8272 | N99: 0 | O99: 244 | P99: 3 | Q99: 182 | R99: 0 | S99: SDGE | T99: 2025
A100: Upgrade | B100: Mixed Fuel | C100: 45689 | D100: Residential | E100: 8 | F100: Unknown | G100: 0 | H100: 0 | I100: 0 | J100: 0 | K100: 0 | L100: 0 | M100: 0 | N100: 0 | O100: 0 | P100: 1 | Q100: 0 | R100: 0 | S100: SDGE | T100: 2025
...
