Workbook

Sheet Reference Sheet
A1: 2024
A2: Report Due: May 01, 2024
A3: Reporting Period: January 01, 2023 - December 31, 2023
A5: 2025
A6: Report Due: May 01, 2025
A7: Reporting Period: January 01, 2024 - December 31, 2024
A9: 2026
A10: Report Due: May 01, 2026
A11: Reporting Period: January 01, 2025 - December 31, 2025
A12: Note: Beginning 2026, Refundable Actual Net to Builders and Non-Refundable Actual Net to Builders need to be included in the reported data.

Sheet Summary
B2: PG&E - 2023 Line Extension Requests Received (Applications)
B3: Customer Class | C3: Mixed Fuel | D3: All-Electric | E3: Total | F3: Percent All-Electric
B4: Commercial | C4: =SUM('Mixed-Fuel New Construction'!J10,'Mixed-Fuel New Construction'!J22,'Mixed-Fuel New Construction'!J34,'Mixed-Fuel New Construction'!J46,'Mixed-Fuel New Construction'!J58,'Mixed-Fuel New Construction'!J70,'Mixed-Fuel New Construction'!J82,'Mixed-Fuel New Construction'!J94,'Mixed-Fuel New Construction'!J106,'Mixed-Fuel New Construction'!J118,'Mixed-Fuel New Construction'!J130,'Mixed-Fuel New Construction'!J142) | D4: =SUM('All Electric New Construction'!J8,'All Electric New Construction'!J20,'All Electric New Construction'!J32,'All Electric New Construction'!J44,'All Electric New Construction'!J56,'All Electric New Construction'!J68,'All Electric New Construction'!J80,'All Electric New Construction'!J92,'All Electric New Construction'!J104,'All Electric New Construction'!J116,'All Electric New Construction'!J128,'All Electric New Construction'!J140) | E4: =SUM(C4:D4) | F4: =D4/E4
B5: Mixed Use (Commercial / Residential) | C5: =SUM('Mixed-Fuel New Construction'!J12,'Mixed-Fuel New Construction'!J24,'Mixed-Fuel New Construction'!J36,'Mixed-Fuel New Construction'!J48,'Mixed-Fuel New Construction'!J60,'Mixed-Fuel New Construction'!J72,'Mixed-Fuel New Construction'!J84,'Mixed-Fuel New Construction'!J96,'Mixed-Fuel New Construction'!J108,'Mixed-Fuel New Construction'!J120,'Mixed-Fuel New Construction'!J132,'Mixed-Fuel New Construction'!J144) | D5: =SUM('All Electric New Construction'!J10,'All Electric New Construction'!J22,'All Electric New Construction'!J34,'All Electric New Construction'!J46,'All Electric New Construction'!J58,'All Electric New Construction'!J70,'All Electric New Construction'!J82,'All Electric New Construction'!J94,'All Electric New Construction'!J106,'All Electric New Construction'!J118,'All Electric New Construction'!J130,'All Electric New Construction'!J142) | E5: =SUM(C5:D5) | F5: =D5/E5
B6: Residential | C6: =SUM('Mixed-Fuel New Construction'!J13,'Mixed-Fuel New Construction'!J25,'Mixed-Fuel New Construction'!J37,'Mixed-Fuel New Construction'!J49,'Mixed-Fuel New Construction'!J61,'Mixed-Fuel New Construction'!J73,'Mixed-Fuel New Construction'!J85,'Mixed-Fuel New Construction'!J97,'Mixed-Fuel New Construction'!J109,'Mixed-Fuel New Construction'!J121,'Mixed-Fuel New Construction'!J133,'Mixed-Fuel New Construction'!J145) | D6: =SUM('All Electric New Construction'!J11,'All Electric New Construction'!J23,'All Electric New Construction'!J35,'All Electric New Construction'!J47,'All Electric New Construction'!J59,'All Electric New Construction'!J71,'All Electric New Construction'!J83,'All Electric New Construction'!J95,'All Electric New Construction'!J107,'All Electric New Construction'!J119,'All Electric New Construction'!J131,'All Electric New Construction'!J143) | E6: =SUM(C6:D6) | F6: =D6/E6
B7: Industrial | C7: =SUM('Mixed-Fuel New Construction'!J11,'Mixed-Fuel New Construction'!J23,'Mixed-Fuel New Construction'!J35,'Mixed-Fuel New Construction'!J47,'Mixed-Fuel New Construction'!J59,'Mixed-Fuel New Construction'!J71,'Mixed-Fuel New Construction'!J83,'Mixed-Fuel New Construction'!J95,'Mixed-Fuel New Construction'!J107,'Mixed-Fuel New Construction'!J119,'Mixed-Fuel New Construction'!J131,'Mixed-Fuel New Construction'!J143) | D7: =SUM('All Electric New Construction'!J9,'All Electric New Construction'!J21,'All Electric New Construction'!J33,'All Electric New Construction'!J45,'All Electric New Construction'!J57,'All Electric New Construction'!J69,'All Electric New Construction'!J81,'All Electric New Construction'!J93,'All Electric New Construction'!J105,'All Electric New Construction'!J117,'All Electric New Construction'!J129,'All Electric New Construction'!J141) | E7: =SUM(C7:D7) | F7: =D7/E7
B8: Agricultural | C8: =SUM('Mixed-Fuel New Construction'!J9,'Mixed-Fuel New Construction'!J21,'Mixed-Fuel New Construction'!J33,'Mixed-Fuel New Construction'!J45,'Mixed-Fuel New Construction'!J57,'Mixed-Fuel New Construction'!J69,'Mixed-Fuel New Construction'!J81,'Mixed-Fuel New Construction'!J93,'Mixed-Fuel New Construction'!J105,'Mixed-Fuel New Construction'!J117,'Mixed-Fuel New Construction'!J129,'Mixed-Fuel New Construction'!J141) | D8: =SUM('All Electric New Construction'!J7,'All Electric New Construction'!J19,'All Electric New Construction'!J31,'All Electric New Construction'!J43,'All Electric New Construction'!J55,'All Electric New Construction'!J67,'All Electric New Construction'!J79,'All Electric New Construction'!J91,'All Electric New Construction'!J103,'All Electric New Construction'!J115,'All Electric New Construction'!J127,'All Electric New Construction'!J139) | E8: =SUM(C8:D8) | F8: =D8/E8
B9: All Buildings (Comm + Res + Mixed) | C9: =SUM(C4,C5,C6) | D9: =SUM(D4,D5,D6) | E9: =SUM(E4,E5,E6) | F9: =D9/E9
B10: All Requests (Buildings + Ind + Ag) | C10: =SUM(C4:C8) | D10: =SUM(D4:D8) | E10: =SUM(E4:E8) | F10: =D10/E10
B12: SDG&E - 2023 Line Extension Requests Received (Applications)
B13: Customer Class | C13: Mixed Fuel | D13: All-Electric | E13: Total | F13: Percent All-Electric
B14: All Requests (Buildings + Ind + Ag) | C14: 1787 | D14: 12680 | E14: =SUM(C14:D14) | F14: =D14/E14
B16: PG&E & SDG&E Combined - 2023 Line Extension Requests Received (Applications)
B17: Customer Class | C17: Mixed Fuel | D17: All-Electric | E17: Total | F17: Percent All-Electric
B18: All Requests (Buildings + Ind + Ag) | C18: =SUM(C10+C14) | D18: =SUM(D10+D14) | E18: =SUM(C18:D18) | F18: =D18/E18

Sheet Mixed-Fuel New Construction
A1: Category: MIXED FUEL NEW CONSTRUCTION
A2: Dates to Pull: January 01, 2023 - December 31, 2023
A3: Due Date: May 01, 2024
A4: *Customer classes vary between IOU's
A6: 44927 | B6: Item 9 | C6: Item 12 | D6: Item 7 | E6: Item 10 | F6: Item 8 | G6: Item 11 | H6: Item 3 | I6: Item 2 | J6: Item 1 | K6: Item 4 | L6: Item 14
A7: Customer Class | B7: Total Discounts (Non-Exempted Projects) | C7: Total Discounts (Exempted projects) | D7: Total Allowances (Non-Exempted Projects) | E7: Total Allowances (Exempted projects) | F7: Total Refund Payments Provided to Builders (Non-Exempted Projects) | G7: Total Refund Payments Provided to Builders (Exempted projects) | H7: Total Estimated Non-Refundable | I7: Total Estimated Refundable | J7: Total Electric Line Extension Requests Received (Applications) | K7: Total Electric Line Extensions Energized | L7: Total Electric Line Extension Applications for Applicant Install
A8: Agency (City, County, Caltrans) | C8: 0 | E8: 0 | G8: 0 | J8: 2
A9: Agricultural | C9: 0 | E9: 0 | G9: 0
A10: Commercial | B10: 561528.82 | C10: 0 | D10: 645295.95 | E10: 0 | F10: 24887.99 | G10: 0 | H10: 106956.71 | I10: 1768353.6 | J10: 46 | K10: 10 | L10: 20
A11: Industrial | C11: 0 | E11: 0 | G11: 0 | J11: 6 | L11: 4
A12: Mixed Use (Commercial / Residential) | B12: 10376.376 | C12: 0 | D12: 273108.85 | E12: 0 | F12: 80646.47 | G12: 0 | H12: 23309.456 | I12: 293861.6 | J12: 11 | K12: 1 | L12: 4
A13: Residential | B13: 2944811.9 | C13: 0 | D13: 527015.84 | E13: 0 | F13: 39788.87 | G13: 0 | H13: 1798704 | I13: 6416639.7 | J13: 291 | K13: 55 | L13: 75
A14: Street and Outdoor area Lighting | C14: 0 | E14: 0 | G14: 0
A15: Telecommunications | C15: 0 | E15: 0 | G15: 0
A16: Temporary Services | C16: 0 | E16: 0 | G16: 0
A18: 45345
A19: Customer Class | B19: Total Discounts (Non-Exempted Projects) | C19: Total Discounts (Exempted projects) | D19: Total Allowances (Non-Exempted Projects) | E19: Total Allowances (Exempted projects) | F19: Total Refund Payments Provided to Builders (Non-Exempted Projects) | G19: Total Refund Payments Provided to Builders (Exempted projects) | H19: Total Estimated Non-Refundable | I19: Total Estimated Refundable | J19: Total Electric Line Extension Requests Received (Applications) | K19: Total Electric Line Extensions Energized | L19: Total Electric Line Extension Applications for Applicant Install
A20: Agency (City, County, Caltrans) | C20: 0 | E20: 0 | G20: 0 | J20: 1 | L20: 1
A21: Agricultural | C21: 0 | E21: 0 | G21: 0 | J21: 2
A22: Commercial | B22: 1250921.4 | C22: 0 | D22: 607933.84 | E22: 0 | F22: 88153.49 | G22: 0 | H22: 398885.4 | I22: 3109776.6 | J22: 41 | K22: 12 | L22: 14
A23: Industrial | B23: 19985.33 | C23: 0 | D23: 2130.1789 | E23: 0 | G23: 0 | H23: 3922.3624 | I23: 42100.84 | J23: 2 | K23: 1 | L23: 1
A24: Mixed Use (Commercial / Residential) | B24: 27084.664 | C24: 0 | D24: 557902.05 | E24: 0 | F24: 18084.64 | G24: 0 | H24: 66985.834 | I24: 612071.38 | J24: 5 | K24: 3 | L24: 4
A25: Residential | B25: 2759403.4 | C25: 0 | D25: 794196.11 | E25: 0 | F25: 74869.33 | G25: 0 | H25: 1990732.1 | I25: 6313002.9 | J25: 317 | K25: 88 | L25: 81
A26: Street and Outdoor area Lighting | C26: 0 | E26: 0 | G26: 0
A27: Telecommunications | C27: 0 | E27: 0 | G27: 0
A28: Temporary Services | C28: 0 | E28: 0 | G28: 0
A30: 44986
A31: Customer Class | B31: Total Discounts (Non-Exempted Projects) | C31: Total Discounts (Exempted projects) | D31: Total Allowances (Non-Exempted Projects) | E31: Total Allowances (Exempted projects) | F31: Total Refund Payments Provided to Builders (Non-Exempted Projects) | G31: Total Refund Payments Provided to Builders (Exempted projects) | H31: Total Estimated Non-Refundable | I31: Total Estimated Refundable | J31: Total Electric Line Extension Requests Received (Applications) | K31: Total Electric Line Extensions Energized | L31: Total Electric Line Extension Applications for Applicant Install
A32: Agency (City, County, Caltrans) | C32: 0 | E32: 0 | G32: 0 | J32: 2 | L32: 2
A33: Agricultural | C33: 0 | E33: 0 | G33: 0 | J33: 1 | L33: 1
A34: Commercial | B34: 1001094.2 | C34: 0 | D34: 393171.91 | E34: 0 | F34: 1269.21 | G34: 0 | H34: 147700.98 | I34: 2395360.2 | J34: 45 | K34: 16 | L34: 19
A35: Industrial | C35: 0 | E35: 0 | F35: 27700.21 | G35: 0 | J35: 2 | K35: 2 | L35: 1
A36: Mixed Use (Commercial / Residential) | B36: 244574.57 | C36: 0 | D36: 124575.09 | E36: 0 | G36: 0 | H36: 91186.971 | I36: 613724.22 | J36: 8 | K36: 2 | L36: 5
A37: Residential | B37: 4401405.6 | C37: 0 | D37: 886275.98 | E37: 0 | F37: 6405.24 | G37: 0 | H37: 2547604.4 | I37: 9689087.2 | J37: 377 | K37: 56 | L37: 108
A38: Street and Outdoor area Lighting | C38: 0 | E38: 0 | G38: 0
A39: Telecommunications | C39: 0 | E39: 0 | G39: 0
A40: Temporary Services | C40: 0 | E40: 0 | G40: 0
A42: 45017
A43: Customer Class | B43: Total Discounts (Non-Exempted Projects) | C43: Total Discounts (Exempted projects) | D43: Total Allowances (Non-Exempted Projects) | E43: Total Allowances (Exempted projects) | F43: Total Refund Payments Provided to Builders (Non-Exempted Projects) | G43: Total Refund Payments Provided to Builders (Exempted projects) | H43: Total Estimated Non-Refundable | I43: Total Estimated Refundable | J43: Total Electric Line Extension Requests Received (Applications) | K43: Total Electric Line Extensions Energized | L43: Total Electric Line Extension Applications for Applicant Install
A44: Agency (City, County, Caltrans) | C44: 0 | E44: 0 | G44: 0 | J44: 5 | L44: 1
A45: Agricultural | C45: 0 | E45: 0 | G45: 0 | J45: 2
A46: Commercial | B46: 614645.81 | C46: 0 | D46: 1417069.3 | E46: 0 | F46: 46001.68 | G46: 0 | H46: 127461.72 | I46: 2646360.9 | J46: 68 | K46: 43 | L46: 26
A47: Industrial | B47: 100498.35 | C47: 0 | D47: 0 | E47: 0 | G47: 0 | H47: 4098.7632 | I47: 200996.7 | J47: 3 | L47: 1
A48: Mixed Use (Commercial / Residential) | B48: 35091.392 | C48: 0 | D48: 619370.6 | E48: 0 | G48: 0 | H48: 118928.3 | I48: 689553.39 | J48: 7 | K48: 9 | L48: 4
A49: Residential | B49: 5339128.5 | C49: 0 | D49: 593799.96 | E49: 0 | F49: 4640.08 | G49: 0 | H49: 2456256 | I49: 11272057 | J49: 375 | K49: 149 | L49: 112
A50: Street and Outdoor area Lighting | C50: 0 | E50: 0 | G50: 0
A51: Telecommunications | C51: 0 | E51: 0 | G51: 0
A52: Temporary Services | C52: 0 | E52: 0 | G52: 0 | K52: 1
A54: 45047
A55: Customer Class | B55: Total Discounts (Non-Exempted Projects) | C55: Total Discounts (Exempted projects) | D55: Total Allowances (Non-Exempted Projects) | E55: Total Allowances (Exempted projects) | F55: Total Refund Payments Provided to Builders (Non-Exempted Projects) | G55: Total Refund Payments Provided to Builders (Exempted projects) | H55: Total Estimated Non-Refundable | I55: Total Estimated Refundable | J55: Total Electric Line Extension Requests Received (Applications) | K55: Total Electric Line Extensions Energized | L55: Total Electric Line Extension Applications for Applicant Install
A56: Agency (City, County, Caltrans) | C56: 0 | E56: 0 | G56: 0 | J56: 1
A57: Agricultural | C57: 0 | E57: 0 | G57: 0 | J57: 1
A58: Commercial | B58: 1887479.5 | C58: 0 | D58: 674340.13 | E58: 0 | G58: 0 | H58: 220857.97 | I58: 4449299.2 | J58: 44 | K58: 18 | L58: 24
A59: Industrial | B59: 127948.04 | C59: 0 | D59: 0 | E59: 0 | G59: 0 | H59: 10553.038 | I59: 255896.08 | J59: 5 | L59: 1
A60: Mixed Use (Commercial / Residential) | B60: 318921.7 | C60: 0 | D60: 64046.168 | E60: 0 | F60: 188115.91 | G60: 0 | H60: 89672.768 | I60: 701889.58 | J60: 4 | K60: 3 | L60: 1
A61: Residential | B61: 3598721.9 | C61: 0 | D61: 824872.98 | E61: 0 | F61: 8120.14 | G61: 0 | H61: 2328913.1 | I61: 8022316.7 | J61: 250 | K61: 134 | L61: 68
A62: Street and Outdoor area Lighting | C62: 0 | E62: 0 | G62: 0
A63: Telecommunications | C63: 0 | E63: 0 | G63: 0
A64: Temporary Services | C64: 0 | E64: 0 | G64: 0
A66: 45078 | B66: Item 9 | C66: Item 12 | D66: Item 7 | E66: Item 10 | F66: Item 8 | G66: Item 11 | H66: Item 3 | I66: Item 2 | J66: Item 1 | K66: Item 4 | L66: Item 1
A67: Customer Class | B67: Total Discounts (Non-Exempted Projects) | C67: Total Discounts (Exempted projects) | D67: Total Allowances (Non-Exempted Projects) | E67: Total Allowances (Exempted projects) | F67: Total Refund Payments Provided to Builders (Non-Exempted Projects) | G67: Total Refund Payments Provided to Builders (Exempted projects) | H67: Total Estimated Non-Refundable | I67: Total Estimated Refundable | J67: Total Electric Line Extension Requests Received (Applications) | K67: Total Electric Line Extensions Energized | L67: Total Electric Line Extension Applications for Applicant Install
A68: Agency (City, County, Caltrans) | C68: 0 | E68: 0 | G68: 0 | J68: 2 | L68: 2
A69: Agricultural | B69: 50414.488 | C69: 0 | D69: 105009.98 | E69: 0 | G69: 0 | H69: 15156.809 | I69: 205838.96 | J69: 3 | L69: 2
A70: Commercial | B70: 2251153.7 | C70: 0 | D70: 1180166 | E70: 0 | F70: 949.51 | G70: 0 | H70: 346656.95 | I70: 5682473.4 | J70: 41 | K70: 28 | L70: 12
A71: Industrial | C71: 0 | E71: 0 | G71: 0 | J71: 1 | K71: 3 | L71: 1
A72: Mixed Use (Commercial / Residential) | B72: 56274.366 | C72: 0 | D72: 264051.22 | E72: 0 | G72: 0 | H72: 49323.483 | I72: 376599.95 | J72: 3 | K72: 3 | L72: 2
A73: Residential | B73: 4994659.6 | C73: 0 | D73: 1091993.9 | E73: 0 | F73: 51281.24 | G73: 0 | H73: 2441232.1 | I73: 11081313 | J73: 276 | K73: 99 | L73: 62
A74: Street and Outdoor area Lighting | C74: 0 | E74: 0 | G74: 0
A75: Telecommunications | C75: 0 | E75: 0 | G75: 0
A76: Temporary Services | C76: 0 | E76: 0 | G76: 0 | K76: 1
A78: 45137
A79: Customer Class | B79: Total Discounts (Non-Exempted Projects) | C79: Total Discounts (Exempted projects) | D79: Total Allowances (Non-Exempted Projects) | E79: Total Allowances (Exempted projects) | F79: Total Refund Payments Provided to Builders (Non-Exempted Projects) | G79: Total Refund Payments Provided to Builders (Exempted projects) | H79: Total Estimated Non-Refundable | I79: Total Estimated Refundable | J79: Total Electric Line Extension Requests Received (Applications) | K79: Total Electric Line Extensions Energized | L79: Total Electric Line Extension Applications for Applicant Install
A80: Agency (City, County, Caltrans) | B80: 0 | C80: 0 | D80: 318406.44 | E80: 0 | G80: 0 | H80: 14829.023 | I80: 318406.44 | J80: 1 | L80: 1
A81: Agricultural | C81: 0 | E81: 0 | G81: 0 | J81: 2
A82: Commercial | B82: 1241323.7 | C82: 0 | D82: 695603.13 | E82: 0 | F82: 18329.12 | G82: 0 | H82: 332233.45 | I82: 3178250.4 | J82: 31 | K82: 18 | L82: 8
A83: Industrial | B83: 0 | C83: 0 | D83: 0 | E83: 0 | G83: 0 | H83: 150 | I83: 0 | K83: 2
A84: Mixed Use (Commercial / Residential) | B84: 95196.73 | C84: 0 | D84: 35926.617 | E84: 0 | F84: 9271.18 | G84: 0 | H84: 48199.384 | I84: 226320.08 | J84: 7 | L84: 4
A85: Residential | B85: 4405042.1 | C85: 0 | D85: 1295489.8 | E85: 0 | F85: 151274.55 | G85: 0 | H85: 2783625.5 | I85: 10105574 | J85: 236 | K85: 102 | L85: 56
A86: Street and Outdoor area Lighting | C86: 0 | E86: 0 | G86: 0
A87: Telecommunications | C87: 0 | E87: 0 | G87: 0
A88: Temporary Services | C88: 0 | E88: 0 | G88: 0
A90: 45139
A91: Customer Class | B91: Total Discounts (Non-Exempted Projects) | C91: Total Discounts (Exempted projects) | D91: Total Allowances (Non-Exempted Projects) | E91: Total Allowances (Exempted projects) | F91: Total Refund Payments Provided to Builders (Non-Exempted Projects) | G91: Total Refund Payments Provided to Builders (Exempted projects) | H91: Total Estimated Non-Refundable | I91: Total Estimated Refundable | J91: Total Electric Line Extension Requests Received (Applications) | K91: Total Electric Line Extensions Energized | L91: Total Electric Line Extension Applications for Applicant Install
A92: Agency (City, County, Caltrans) | C92: 0 | E92: 0 | G92: 0
A93: Agricultural | B93: 0 | C93: 0 | D93: 0 | E93: 0 | G93: 0 | H93: 1994.024 | I93: 0 | J93: 2
A94: Commercial | B94: 1694366.6 | C94: 0 | D94: 1630810.6 | E94: 0 | G94: 0 | H94: 387299.74 | I94: 5019543.8 | J94: 39 | K94: 22 | L94: 14
A95: Industrial | B95: 63557.809 | C95: 0 | D95: 44266.32 | E95: 0 | G95: 0 | H95: 4620.3844 | I95: 171381.94 | K95: 1
A96: Mixed Use (Commercial / Residential) | B96: 2205515.3 | C96: 0 | D96: 864667.33 | E96: 0 | F96: 60557.45 | G96: 0 | H96: 505724.7 | I96: 5275698 | J96: 1 | K96: 4 | L96: 1
A97: Residential | B97: 5795711.9 | C97: 0 | D97: 1472203.3 | E97: 0 | F97: 123343.44 | G97: 0 | H97: 3465758.7 | I97: 13063627 | J97: 225 | K97: 126 | L97: 55
A98: Street and Outdoor area Lighting | C98: 0 | E98: 0 | G98: 0
A99: Telecommunications | C99: 0 | E99: 0 | G99: 0
A100: Temporary Services | B100: 41520.259 | C100: 0 | D100: 0 | E100: 0 | G100: 0 | H100: 3631.8896 | I100: 83040.518
A102: 45170
A103: Customer Class | B103: Total Discounts (Non-Exempted Projects) | C103: Total Discounts (Exempted projects) | D103: Total Allowances (Non-Exempted Projects) | E103: Total Allowances (Exempted projects) | F103: Total Refund Payments Provided to Builders (Non-Exempted Projects) | G103: Total Refund Payments Provided to Builders (Exempted projects) | H103: Total Estimated Non-Refundable | I103: Total Estimated Refundable | J103: Total Electric Line Extension Requests Received (Applications) | K103: Total Electric Line Extensions Energized | L103: Total Electric Line Extension Applications for Applicant Install
A104: Agency (City, County, Caltrans) | B104: 39916.408 | C104: 0 | D104: 10913.26 | E104: 0 | G104: 0 | H104: 7055.9368 | I104: 90746.077 | J104: 5 | L104: 1
A105: Agricultural | C105: 0 | E105: 0 | G105: 0
A106: Commercial | B106: 2316871.6 | C106: 0 | D106: 916166.6 | E106: 0 | G106: 0 | H106: 702175.37 | I106: 5549909.8 | J106: 35 | K106: 16 | L106: 20
A107: Industrial | B107: 119424.22 | C107: 0 | D107: 117244.18 | E107: 0 | G107: 0 | H107: 31412.714 | I107: 356092.62 | J107: 3 | L107: 1
A108: Mixed Use (Commercial / Residential) | B108: 748083.31 | C108: 0 | D108: 1625911.5 | E108: 0 | G108: 0 | H108: 234191.91 | I108: 3122078.1 | J108: 5 | K108: 3 | L108: 2
A109: Residential | B109: 6733240.2 | C109: 0 | D109: 401809.7 | E109: 0 | F109: 25166.65 | G109: 0 | H109: 2921405.3 | I109: 13868290 | J109: 199 | K109: 107 | L109: 47
...

Sheet All Electric New Construction
A1: Category: All Electric New Construction
A2: Dates to Pull: January 01, 2023 - December 31, 2023
A3: Due Date: May 01, 2024
A4: 44927 | B4: Item 9 | C4: Item 12 | D4: Item 7 | E4: Item 10 | F4: Item 8 | G4: Item 11 | H4: Item 3 | I4: Item 2 | J4: Item 1 | K4: Item 4 | L4: Item 14
A5: Customer Class | B5: Total Discounts (Non-Exempted Projects) | C5: Total Discounts (Exempted projects) | D5: Total Allowances (Non-Exempted Projects) | E5: Total Allowances (Exempted projects) | F5: Total Refund Payments Provided to Builders (Non-Exempted Projects) | G5: Total Refund Payments Provided to Builders (Exempted projects) | H5: Total Estimated Non-Refundable | I5: Total Estimated Refundable | J5: Total Electric Line Extension Requests Received (Applications) | K5: Total Electric Line Extensions Energized | L5: Total Electric Line Extension Applications for Applicant Install
A6: Agency (City, County, Caltrans) | B6: 17836.433 | C6: 0 | D6: 3555.6748 | E6: 0 | G6: 0 | H6: 13939.303 | I6: 39228.541 | J6: 45 | L6: 23
A7: Agricultural | B7: 328108.68 | C7: 0 | D7: 1391260.1 | E7: 0 | F7: 95518.83 | G7: 0 | H7: 118770.51 | I7: 2047477.5 | J7: 133 | K7: 45 | L7: 24
A8: Commercial | B8: 770881.07 | C8: 0 | D8: 568141.18 | E8: 0 | F8: 36684.54 | G8: 0 | H8: 569063.57 | I8: 2109903.3 | J8: 190 | K8: 51 | L8: 46
A9: Industrial | B9: 0 | C9: 0 | D9: 8688.494 | E9: 0 | G9: 0 | H9: 1378.9624 | I9: 8688.494 | J9: 11 | K9: 1 | L9: 2
A10: Mixed Use (Commercial / Residential) | B10: 46416.55 | C10: 0 | D10: 20948.271 | E10: 0 | F10: 2495.33 | G10: 0 | H10: 15963.766 | I10: 113781.37 | J10: 22 | K10: 1 | L10: 8
A11: Residential | B11: 845001.9 | C11: 0 | D11: 1239279.9 | E11: 0 | F11: 2340.78 | G11: 0 | H11: 1375024.3 | I11: 2929283.7 | J11: 687 | K11: 86 | L11: 152
A12: Street and Outdoor area Lighting | C12: 0 | E12: 0 | G12: 0 | H12: 8507.5444 | J12: 32 | K12: 5 | L12: 6
A13: Telecommunications | B13: 69817.668 | C13: 0 | D13: 17818.699 | E13: 0 | G13: 0 | H13: 71867.123 | I13: 157454.03 | J13: 149 | K13: 6 | L13: 13
A14: Temporary Services | B14: 3449.4836 | C14: 0 | D14: 712.74797 | E14: 0 | G14: 0 | H14: 29984.863 | I14: 7611.7152 | K14: 7
B15: =SUM(B6:B14)
A16: 45345
A17: Customer Class | B17: Total Discounts (Non-Exempted Projects) | C17: Total Discounts (Exempted projects) | D17: Total Allowances (Non-Exempted Projects) | E17: Total Allowances (Exempted projects) | F17: Total Refund Payments Provided to Builders (Non-Exempted Projects) | G17: Total Refund Payments Provided to Builders (Exempted projects) | H17: Total Estimated Non-Refundable | I17: Total Estimated Refundable | J17: Total Electric Line Extension Requests Received (Applications) | K17: Total Electric Line Extensions Energized | L17: Total Electric Line Extension Applications for Applicant Install
A18: Agency (City, County, Caltrans) | B18: 17713.181 | C18: 0 | D18: 1425.4959 | E18: 0 | G18: 0 | H18: 16104.112 | I18: 36851.858 | J18: 35 | K18: 1 | L18: 13
A19: Agricultural | B19: 345955.97 | C19: 0 | D19: 2333330.5 | E19: 0 | F19: 48749.36 | G19: 0 | H19: 75197.637 | I19: 3025242.4 | J19: 105 | K19: 61 | L19: 22
A20: Commercial | B20: 770418.56 | C20: 0 | D20: 808433.51 | E20: 0 | F20: 105361.85 | G20: 0 | H20: 353523.39 | I20: 2349270.6 | J20: 206 | K20: 37 | L20: 51
A21: Industrial | B21: 54429.753 | C21: 0 | D21: 518576.74 | E21: 0 | F21: 1296497.1 | G21: 0 | H21: 34191.082 | I21: 627436.24 | J21: 22 | K21: 4 | L21: 9
A22: Mixed Use (Commercial / Residential) | B22: 48888.14 | C22: 0 | D22: 736689.52 | E22: 0 | F22: 2184.25 | G22: 0 | H22: 138090.11 | I22: 834465.8 | J22: 14 | K22: 3 | L22: 8
A23: Residential | B23: 578541.93 | C23: 0 | D23: 1166225.1 | E23: 0 | F23: 50950.44 | G23: 0 | H23: 1352308.9 | I23: 2323309 | J23: 736 | K23: 146 | L23: 144
A24: Street and Outdoor area Lighting | B24: 12555.399 | C24: 0 | D24: 712.74797 | E24: 0 | G24: 0 | H24: 44179.793 | I24: 25823.546 | J24: 34 | K24: 2 | L24: 7
A25: Telecommunications | B25: 298048.23 | C25: 0 | D25: 18531.447 | E25: 0 | G25: 0 | H25: 96184.454 | I25: 614627.9 | J25: 165 | K25: 1 | L25: 8
A26: Temporary Services | B26: 0 | C26: 0 | D26: 0 | E26: 0 | G26: 0 | H26: 3800.6964 | I26: 0 | K26: 4
A28: 44986
A29: Customer Class | B29: Total Discounts (Non-Exempted Projects) | C29: Total Discounts (Exempted projects) | D29: Total Allowances (Non-Exempted Projects) | E29: Total Allowances (Exempted projects) | F29: Total Refund Payments Provided to Builders (Non-Exempted Projects) | G29: Total Refund Payments Provided to Builders (Exempted projects) | H29: Total Estimated Non-Refundable | I29: Total Estimated Refundable | J29: Total Electric Line Extension Requests Received (Applications) | K29: Total Electric Line Extensions Energized | L29: Total Electric Line Extension Applications for Applicant Install
A30: Agency (City, County, Caltrans) | B30: 127172.15 | C30: 0 | D30: 84224.564 | E30: 0 | G30: 0 | H30: 79728.304 | I30: 338568.86 | J30: 60 | K30: 2 | L30: 39
A31: Agricultural | B31: 770975.14 | C31: 0 | D31: 3181840.1 | E31: 0 | F31: 82929.06 | G31: 0 | H31: 161668.15 | I31: 4723790.4 | J31: 125 | K31: 19 | L31: 19
A32: Commercial | B32: 1743833.5 | C32: 0 | D32: 1491301.4 | E32: 0 | F32: 55492 | G32: 0 | H32: 552004.48 | I32: 4978968.5 | J32: 207 | K32: 32 | L32: 43
A33: Industrial | B33: 625280 | C33: 0 | D33: 311930.04 | E33: 0 | G33: 0 | H33: 126471.01 | I33: 1562490 | J33: 23 | K33: 1 | L33: 12
A34: Mixed Use (Commercial / Residential) | B34: 87339.281 | C34: 0 | D34: 575162.95 | E34: 0 | G34: 0 | H34: 104340.68 | I34: 749841.52 | J34: 20 | K34: 4 | L34: 9
A35: Residential | B35: 2261770 | C35: 0 | D35: 1023687 | E35: 0 | F35: 44765.4 | G35: 0 | H35: 2441715.1 | I35: 5547227 | J35: 988 | K35: 74 | L35: 237
A36: Street and Outdoor area Lighting | C36: 0 | E36: 0 | G36: 0 | H36: 188559.06 | J36: 54 | K36: 2 | L36: 25
A37: Telecommunications | B37: 487846.46 | C37: 0 | D37: 20779.073 | E37: 0 | G37: 0 | H37: 147300.77 | I37: 996472 | J37: 152 | K37: 3 | L37: 21
A38: Temporary Services | B38: 6689.6737 | C38: 0 | D38: 7996.7398 | E38: 0 | G38: 0 | H38: 16634.336 | I38: 21376.087 | K38: 3
A40: 45017
A41: Customer Class | B41: Total Discounts (Non-Exempted Projects) | C41: Total Discounts (Exempted projects) | D41: Total Allowances (Non-Exempted Projects) | E41: Total Allowances (Exempted projects) | F41: Total Refund Payments Provided to Builders (Non-Exempted Projects) | G41: Total Refund Payments Provided to Builders (Exempted projects) | H41: Total Estimated Non-Refundable | I41: Total Estimated Refundable | J41: Total Electric Line Extension Requests Received (Applications) | K41: Total Electric Line Extensions Energized | L41: Total Electric Line Extension Applications for Applicant Install
A42: Agency (City, County, Caltrans) | B42: 26649.811 | C42: 0 | D42: 64117.974 | E42: 0 | G42: 0 | H42: 45497.278 | I42: 117417.6 | J42: 45 | K42: 2 | L42: 20
A43: Agricultural | B43: 306922.42 | C43: 0 | D43: 1636153.9 | E43: 0 | F43: 9172.38 | G43: 0 | H43: 109045.35 | I43: 2249998.7 | J43: 95 | K43: 94 | L43: 15
A44: Commercial | B44: 517711.78 | C44: 0 | D44: 1700248.1 | E44: 0 | F44: 2398.18 | G44: 0 | H44: 227021.73 | I44: 2735671.6 | J44: 194 | K44: 88 | L44: 48
A45: Industrial | B45: 0 | C45: 0 | D45: 235467.99 | E45: 0 | G45: 0 | H45: 3598.0912 | I45: 235467.99 | J45: 19 | K45: 2 | L45: 7
A46: Mixed Use (Commercial / Residential) | B46: 263165.15 | C46: 0 | D46: 269498.69 | E46: 0 | G46: 0 | H46: 99843.666 | I46: 795828.99 | J46: 27 | K46: 6 | L46: 13
A47: Residential | B47: 1829977.7 | C47: 0 | D47: 1741575.9 | E47: 0 | G47: 0 | H47: 1677386 | I47: 5401531.3 | J47: 1191 | K47: 206 | L47: 352
A48: Street and Outdoor area Lighting | C48: 0 | E48: 0 | G48: 0 | H48: 50387.187 | J48: 33 | K48: 7 | L48: 6
A49: Telecommunications | B49: 535404.63 | C49: 0 | D49: 14960.65 | E49: 0 | G49: 0 | H49: 108497.76 | I49: 1085769.9 | J49: 120 | K49: 10 | L49: 16
A50: Temporary Services | B50: 17890.914 | C50: 0 | D50: 172189.53 | E50: 0 | G50: 0 | H50: 69568.975 | I50: 207971.36 | K50: 7
A52: 45047
A53: Customer Class | B53: Total Discounts (Non-Exempted Projects) | C53: Total Discounts (Exempted projects) | D53: Total Allowances (Non-Exempted Projects) | E53: Total Allowances (Exempted projects) | F53: Total Refund Payments Provided to Builders (Non-Exempted Projects) | G53: Total Refund Payments Provided to Builders (Exempted projects) | H53: Total Estimated Non-Refundable | I53: Total Estimated Refundable | J53: Total Electric Line Extension Requests Received (Applications) | K53: Total Electric Line Extensions Energized | L53: Total Electric Line Extension Applications for Applicant Install
A54: Agency (City, County, Caltrans) | B54: 70408.726 | C54: 0 | D54: 289866.86 | E54: 0 | G54: 0 | H54: 187825.61 | I54: 430684.31 | J54: 52 | K54: 1 | L54: 13
A55: Agricultural | B55: 545333.09 | C55: 0 | D55: 2886004.5 | E55: 0 | F55: 7888.68 | G55: 0 | H55: 152233.8 | I55: 3976670.7 | J55: 106 | K55: 69 | L55: 16
A56: Commercial | B56: 3121900.6 | C56: 0 | D56: 1946537.2 | E56: 0 | F56: 2158.32 | G56: 0 | H56: 638476.32 | I56: 8190338.5 | J56: 247 | K56: 64 | L56: 58
A57: Industrial | B57: 518023.63 | C57: 0 | D57: 71619.577 | E57: 0 | G57: 0 | H57: 89921.77 | I57: 1107666.8 | J57: 11 | K57: 3 | L57: 4
A58: Mixed Use (Commercial / Residential) | B58: 985858.93 | C58: 0 | D58: 520874.98 | E58: 0 | G58: 0 | H58: 223413.13 | I58: 2492592.8 | J58: 21 | K58: 4 | L58: 6
A59: Residential | B59: 1864786.7 | C59: 0 | D59: 1050959 | E59: 0 | G59: 0 | H59: 2447440.7 | I59: 4780532.3 | J59: 666 | K59: 184 | L59: 159
A60: Street and Outdoor area Lighting | C60: 0 | E60: 0 | G60: 0 | H60: 5480.9996 | J60: 19 | K60: 4 | L60: 3
A61: Telecommunications | B61: 293659.23 | C61: 0 | D61: 16393.203 | E61: 0 | G61: 0 | H61: 118384.99 | I61: 603711.67 | J61: 168 | K61: 3 | L61: 30
A62: Temporary Services | B62: 0 | C62: 0 | D62: 0 | E62: 0 | G62: 0 | H62: 2747.142 | I62: 0 | K62: 9
A64: 45078 | B64: Item 9 | C64: Item 12 | D64: Item 7 | E64: Item 10 | F64: Item 8 | G64: Item 11 | H64: Item 3 | I64: Item 2 | J64: Item 1 | K64: Item 4 | L64: Item 14
A65: Customer Class | B65: Total Discounts (Non-Exempted Projects) | C65: Total Discounts (Exempted projects) | D65: Total Allowances (Non-Exempted Projects) | E65: Total Allowances (Exempted projects) | F65: Total Refund Payments Provided to Builders (Non-Exempted Projects) | G65: Total Refund Payments Provided to Builders (Exempted projects) | H65: Total Estimated Non-Refundable | I65: Total Estimated Refundable | J65: Total Electric Line Extension Requests Received (Applications) | K65: Total Electric Line Extensions Energized | L65: Total Electric Line Extension Applications for Applicant Install
A66: Agency (City, County, Caltrans) | B66: 33570.186 | C66: 0 | D66: 51003.989 | E66: 0 | G66: 0 | H66: 159354.24 | I66: 118144.36 | J66: 54 | K66: 2 | L66: 20
A67: Agricultural | B67: 559959.35 | C67: 0 | D67: 2371635.6 | E67: 0 | F67: 79560.53 | G67: 0 | H67: 111989.14 | I67: 3491554.3 | J67: 111 | K67: 58 | L67: 21
A68: Commercial | B68: 1649033 | C68: 0 | D68: 1237235.8 | E68: 0 | F68: 225712.53 | G68: 0 | H68: 668605.72 | I68: 4535301.7 | J68: 199 | K68: 76 | L68: 53
A69: Industrial | B69: 13647.829 | C69: 0 | D69: 6265.2764 | E69: 0 | G69: 0 | H69: 1793.8076 | I69: 33560.935 | J69: 13 | K69: 4 | L69: 6
A70: Mixed Use (Commercial / Residential) | B70: 7446.3933 | C70: 0 | D70: 255880.15 | E70: 0 | F70: 334209.54 | G70: 0 | H70: 31211.582 | I70: 270772.93 | J70: 20 | K70: 3 | L70: 12
A71: Residential | B71: 1936976.5 | C71: 0 | D71: 973059.14 | E71: 0 | F71: 33642.1 | G71: 0 | H71: 2486852.5 | I71: 4847012.1 | J71: 695 | K71: 155 | L71: 146
A72: Street and Outdoor area Lighting | B72: 4641.9675 | C72: 0 | D72: 705.69106 | E72: 0 | G72: 0 | H72: 61199.033 | I72: 9989.626 | J72: 16 | K72: 3 | L72: 8
A73: Telecommunications | B73: 446091.18 | C73: 0 | D73: 12829.463 | E73: 0 | G73: 0 | H73: 124877.75 | I73: 905011.83 | J73: 124 | K73: 7 | L73: 20
A74: Temporary Services | B74: 1727.26 | C74: 0 | D74: 712.74797 | E74: 0 | G74: 0 | H74: 25317.869 | I74: 4167.268 | K74: 5
A76: 45137
A77: Customer Class | B77: Total Discounts (Non-Exempted Projects) | C77: Total Discounts (Exempted projects) | D77: Total Allowances (Non-Exempted Projects) | E77: Total Allowances (Exempted projects) | F77: Total Refund Payments Provided to Builders (Non-Exempted Projects) | G77: Total Refund Payments Provided to Builders (Exempted projects) | H77: Total Estimated Non-Refundable | I77: Total Estimated Refundable | J77: Total Electric Line Extension Requests Received (Applications) | K77: Total Electric Line Extensions Energized | L77: Total Electric Line Extension Applications for Applicant Install
A78: Agency (City, County, Caltrans) | B78: 162458.54 | C78: 0 | D78: 173200.78 | E78: 0 | G78: 0 | H78: 43594.18 | I78: 498117.86 | J78: 44 | K78: 2 | L78: 12
A79: Agricultural | B79: 765802.27 | C79: 0 | D79: 2779073.9 | E79: 0 | F79: 39446.21 | G79: 0 | H79: 127626.17 | I79: 4310678.4 | J79: 84 | K79: 42 | L79: 13
A80: Commercial | B80: 1201816.8 | C80: 0 | D80: 958538.05 | E80: 0 | F80: 76733.96 | G80: 0 | H80: 339923.52 | I80: 3362171.7 | J80: 217 | K80: 37 | L80: 63
A81: Industrial | B81: 176784.02 | C81: 0 | D81: 130743.22 | E81: 0 | G81: 0 | H81: 59063.598 | I81: 484311.25 | J81: 9 | K81: 5 | L81: 3
A82: Mixed Use (Commercial / Residential) | B82: 77147.778 | C82: 0 | D82: 47605.212 | E82: 0 | F82: 3472.3 | G82: 0 | H82: 111883.66 | I82: 201900.77 | J82: 13 | K82: 5 | L82: 7
A83: Residential | B83: 2213665.7 | C83: 0 | D83: 984628.96 | E83: 0 | F83: 32380.67 | G83: 0 | H83: 2865708.8 | I83: 5411960.3 | J83: 599 | K83: 157 | L83: 115
A84: Street and Outdoor area Lighting | B84: 44797.486 | C84: 0 | D84: 3351.3604 | E84: 0 | G84: 0 | H84: 69952.01 | I84: 92946.333 | J84: 10 | K84: 1 | L84: 2
A85: Telecommunications | B85: 320296.85 | C85: 0 | D85: 12116.715 | E85: 0 | G85: 0 | H85: 104092.42 | I85: 652710.42 | J85: 102 | K85: 6 | L85: 14
A86: Temporary Services | B86: 6773.9402 | C86: 0 | D86: 0 | E86: 0 | G86: 0 | H86: 44066.688 | I86: 13547.88 | K86: 7
A88: 45139
A89: Customer Class | B89: Total Discounts (Non-Exempted Projects) | C89: Total Discounts (Exempted projects) | D89: Total Allowances (Non-Exempted Projects) | E89: Total Allowances (Exempted projects) | F89: Total Refund Payments Provided to Builders (Non-Exempted Projects) | G89: Total Refund Payments Provided to Builders (Exempted projects) | H89: Total Estimated Non-Refundable | I89: Total Estimated Refundable | J89: Total Electric Line Extension Requests Received (Applications) | K89: Total Electric Line Extensions Energized | L89: Total Electric Line Extension Applications for Applicant Install
A90: Agency (City, County, Caltrans) | B90: 48250.938 | C90: 0 | D90: 255264.72 | E90: 0 | G90: 0 | H90: 274707.55 | I90: 351766.6 | J90: 55 | K90: 4 | L90: 13
A91: Agricultural | B91: 809875.29 | C91: 0 | D91: 2025493.7 | E91: 0 | F91: 66595.9 | G91: 0 | H91: 155050.8 | I91: 3645244.3 | J91: 122 | K91: 51 | L91: 21
A92: Commercial | B92: 1679189.8 | C92: 0 | D92: 1877951.4 | E92: 0 | F92: 1611426.1 | G92: 0 | H92: 624501.92 | I92: 5236331 | J92: 206 | K92: 65 | L92: 43
A93: Industrial | B93: 178152.21 | C93: 0 | D93: 721631.79 | E93: 0 | G93: 0 | H93: 54601.063 | I93: 1077936.2 | J93: 15 | K93: 4 | L93: 5
A94: Mixed Use (Commercial / Residential) | B94: 80558.435 | C94: 0 | D94: 332510.02 | E94: 0 | F94: 935.65 | G94: 0 | H94: 121157.39 | I94: 493626.89 | J94: 20 | K94: 3 | L94: 8
A95: Residential | B95: 1228777.8 | C95: 0 | D95: 755406.91 | E95: 0 | F95: 149718.54 | G95: 0 | H95: 2306566.8 | I95: 3212962.5 | J95: 604 | K95: 198 | L95: 119
A96: Street and Outdoor area Lighting | B96: 19499.862 | C96: 0 | D96: 2138.2439 | E96: 0 | F96: 485.24 | G96: 0 | H96: 420005.03 | I96: 41137.967 | J96: 21 | K96: 5 | L96: 4
A97: Telecommunications | B97: 999133.97 | C97: 0 | D97: 33524.61 | E97: 0 | G97: 0 | H97: 329053.19 | I97: 2031792.6 | J97: 124 | K97: 11 | L97: 20
A98: Temporary Services | B98: 417.1484 | C98: 0 | D98: 0 | E98: 0 | G98: 0 | H98: 58277.078 | I98: 834.2968 | K98: 9
A100: 45170
A101: Customer Class | B101: Total Discounts (Non-Exempted Projects) | C101: Total Discounts (Exempted projects) | D101: Total Allowances (Non-Exempted Projects) | E101: Total Allowances (Exempted projects) | F101: Total Refund Payments Provided to Builders (Non-Exempted Projects) | G101: Total Refund Payments Provided to Builders (Exempted projects) | H101: Total Estimated Non-Refundable | I101: Total Estimated Refundable | J101: Total Electric Line Extension Requests Received (Applications) | K101: Total Electric Line Extensions Energized | L101: Total Electric Line Extension Applications for Applicant Install
A102: Agency (City, County, Caltrans) | B102: 153469.27 | C102: 0 | D102: 205270.45 | E102: 0 | G102: 0 | H102: 105703.09 | I102: 512208.98 | J102: 74 | K102: 4 | L102: 21
A103: Agricultural | B103: 867342.79 | C103: 0 | D103: 2515278.9 | E103: 0 | G103: 0 | H103: 211678.97 | I103: 4249964.5 | J103: 96 | K103: 54 | L103: 17
A104: Commercial | B104: 1568219.1 | C104: 0 | D104: 1779423.4 | E104: 0 | F104: 872.16 | G104: 0 | H104: 335216.59 | I104: 4915861.7 | J104: 176 | K104: 64 | L104: 36
A105: Industrial | C105: 0 | E105: 0 | G105: 0 | J105: 14 | K105: 1 | L105: 3
A106: Mixed Use (Commercial / Residential) | B106: 80164.014 | C106: 0 | D106: 285590.21 | E106: 0 | F106: 108220.27 | G106: 0 | H106: 88706.948 | I106: 445918.24 | J106: 21 | K106: 2 | L106: 8
A107: Residential | B107: 1689586.4 | C107: 0 | D107: 1168261.1 | E107: 0 | F107: 144.21 | G107: 0 | H107: 2372163.3 | I107: 4547433.8 | J107: 560 | K107: 168 | L107: 112
...

Sheet Mixed Fuel Upgrades Existing
A1: Category: Upgrades to Existing Facilities
A2: Dates to Pull: January 01, 2023 - December 31, 2023
A3: Due Date: May 01, 2024
A4: 44927 | B4: Item 9 | C4: Item 12 | D4: Item 7 | E4: Item 10 | F4: Item 8 | G4: Item 11 | H4: Item 3 | I4: Item 2 | J4: Item 1 | K4: Item 4 | L4: Item 14
A5: Customer Class | B5: Total Discounts (Non-Exempted Projects) | C5: Total Discounts (Exempted projects) | D5: Total Allowances (Non-Exempted Projects) | E5: Total Allowances (Exempted projects) | F5: Total Refund Payments Provided to Builders (Non-Exempted Projects) | G5: Total Refund Payments Provided to Builders (Exempted projects) | H5: Total Estimated Non-Refundable | I5: Total Estimated Refundable | J5: Total Electric Line Extension Requests Received (Applications) | K5: Total Electric Line Extensions Energized | L5: Total Electric Line Extension Applications for Applicant Install
A6: Agency (City, County, Caltrans) | B6: 0 | C6: 0 | D6: 369.8672 | E6: 0 | G6: 0 | H6: 125 | I6: 369.8672
A7: Agricultural | C7: 0 | E7: 0 | G7: 0
A8: Commercial | C8: 0 | E8: 0 | G8: 0 | J8: 2 | L8: 2
A9: Industrial | C9: 0 | E9: 0 | G9: 0
A10: Mixed Use (Commercial / Residential) | C10: 0 | E10: 0 | G10: 0
A11: Residential | B11: 2989.857 | C11: 0 | D11: 0 | E11: 0 | G11: 0 | H11: 105881.13 | I11: 5979.714 | J11: 4 | K11: 15 | L11: 3
A12: Street and Outdoor area Lighting | C12: 0 | E12: 0 | G12: 0
A13: Telecommunications | C13: 0 | E13: 0 | G13: 0
A14: Temporary Services | C14: 0 | E14: 0 | G14: 0
A16: 45345
A17: Customer Class | B17: Total Discounts (Non-Exempted Projects) | C17: Total Discounts (Exempted projects) | D17: Total Allowances (Non-Exempted Projects) | E17: Total Allowances (Exempted projects) | F17: Total Refund Payments Provided to Builders (Non-Exempted Projects) | G17: Total Refund Payments Provided to Builders (Exempted projects) | H17: Total Estimated Non-Refundable | I17: Total Estimated Refundable | J17: Total Electric Line Extension Requests Received (Applications) | K17: Total Electric Line Extensions Energized | L17: Total Electric Line Extension Applications for Applicant Install
A18: Agency (City, County, Caltrans) | C18: 0 | E18: 0 | G18: 0
A19: Agricultural | C19: 0 | E19: 0 | G19: 0
A20: Commercial | B20: 3244.8216 | C20: 0 | D20: 181794.98 | E20: 0 | G20: 0 | H20: 8303.7512 | I20: 188284.63 | J20: 2 | K20: 2 | L20: 2
A21: Industrial | C21: 0 | E21: 0 | G21: 0
A22: Mixed Use (Commercial / Residential) | C22: 0 | E22: 0 | G22: 0
A23: Residential | B23: 19340.348 | C23: 0 | D23: 13076.966 | E23: 0 | G23: 0 | H23: 128386.75 | I23: 51757.662 | J23: 9 | K23: 13 | L23: 4
A24: Street and Outdoor area Lighting | C24: 0 | E24: 0 | G24: 0
A25: Telecommunications | C25: 0 | E25: 0 | G25: 0
A26: Temporary Services | C26: 0 | E26: 0 | G26: 0
A28: 44986
A29: Customer Class | B29: Total Discounts (Non-Exempted Projects) | C29: Total Discounts (Exempted projects) | D29: Total Allowances (Non-Exempted Projects) | E29: Total Allowances (Exempted projects) | F29: Total Refund Payments Provided to Builders (Non-Exempted Projects) | G29: Total Refund Payments Provided to Builders (Exempted projects) | H29: Total Estimated Non-Refundable | I29: Total Estimated Refundable | J29: Total Electric Line Extension Requests Received (Applications) | K29: Total Electric Line Extensions Energized | L29: Total Electric Line Extension Applications for Applicant Install
A30: Agency (City, County, Caltrans) | C30: 0 | E30: 0 | G30: 0
A31: Agricultural | C31: 0 | E31: 0 | G31: 0
A32: Commercial | B32: 0 | C32: 0 | D32: 109047.15 | E32: 0 | G32: 0 | H32: 47293.963 | I32: 109047.15 | K32: 1
A33: Industrial | B33: 17075.544 | C33: 0 | D33: 163703.52 | E33: 0 | G33: 0 | H33: 7830.15 | I33: 197854.61
A34: Mixed Use (Commercial / Residential) | B34: 1513.3412 | C34: 0 | D34: 303371.69 | E34: 0 | G34: 0 | H34: 53870.676 | I34: 306398.37
A35: Residential | B35: 0 | C35: 0 | D35: 0 | E35: 0 | G35: 0 | H35: 47945.06 | I35: 0 | J35: 8 | K35: 12 | L35: 4
A36: Street and Outdoor area Lighting | C36: 0 | E36: 0 | G36: 0
A37: Telecommunications | C37: 0 | E37: 0 | G37: 0
A38: Temporary Services | C38: 0 | E38: 0 | G38: 0
A40: 45017
A41: Customer Class | B41: Total Discounts (Non-Exempted Projects) | C41: Total Discounts (Exempted projects) | D41: Total Allowances (Non-Exempted Projects) | E41: Total Allowances (Exempted projects) | F41: Total Refund Payments Provided to Builders (Non-Exempted Projects) | G41: Total Refund Payments Provided to Builders (Exempted projects) | H41: Total Estimated Non-Refundable | I41: Total Estimated Refundable | J41: Total Electric Line Extension Requests Received (Applications) | K41: Total Electric Line Extensions Energized | L41: Total Electric Line Extension Applications for Applicant Install
A42: Agency (City, County, Caltrans) | B42: 18795.138 | C42: 0 | D42: 67959.057 | E42: 0 | G42: 0 | H42: 11841.211 | I42: 105549.33
A43: Agricultural | C43: 0 | E43: 0 | G43: 0
A44: Commercial | B44: 10966.246 | C44: 0 | D44: 175562.2 | E44: 0 | G44: 0 | H44: 53894.21 | I44: 197494.69 | K44: 2
A45: Industrial | C45: 0 | E45: 0 | G45: 0
A46: Mixed Use (Commercial / Residential) | C46: 0 | E46: 0 | G46: 0
A47: Residential | B47: 4894.2056 | C47: 0 | D47: 0 | E47: 0 | G47: 0 | H47: 133507.49 | I47: 9788.4112 | J47: 11 | K47: 33 | L47: 3
A48: Street and Outdoor area Lighting | C48: 0 | E48: 0 | G48: 0
A49: Telecommunications | C49: 0 | E49: 0 | G49: 0
A50: Temporary Services | C50: 0 | E50: 0 | G50: 0
A52: 45047
A53: Customer Class | B53: Total Discounts (Non-Exempted Projects) | C53: Total Discounts (Exempted projects) | D53: Total Allowances (Non-Exempted Projects) | E53: Total Allowances (Exempted projects) | F53: Total Refund Payments Provided to Builders (Non-Exempted Projects) | G53: Total Refund Payments Provided to Builders (Exempted projects) | H53: Total Estimated Non-Refundable | I53: Total Estimated Refundable | J53: Total Electric Line Extension Requests Received (Applications) | K53: Total Electric Line Extensions Energized | L53: Total Electric Line Extension Applications for Applicant Install
A54: Agency (City, County, Caltrans) | C54: 0 | E54: 0 | G54: 0
A55: Agricultural | C55: 0 | E55: 0 | G55: 0
A56: Commercial | B56: 25945.296 | C56: 0 | D56: 18874.211 | E56: 0 | G56: 0 | H56: 2432.2556 | I56: 70764.804 | K56: 6
A57: Industrial | C57: 0 | E57: 0 | G57: 0
A58: Mixed Use (Commercial / Residential) | C58: 0 | E58: 0 | G58: 0 | K58: 1
A59: Residential | B59: 6287.5254 | C59: 0 | D59: 0 | E59: 0 | G59: 0 | H59: 165305.78 | I59: 12575.051 | J59: 14 | K59: 37 | L59: 8
A60: Street and Outdoor area Lighting | C60: 0 | E60: 0 | G60: 0
A61: Telecommunications | C61: 0 | E61: 0 | G61: 0
A62: Temporary Services | C62: 0 | E62: 0 | G62: 0
A64: 45078 | B64: Item 9 | C64: Item 12 | D64: Item 7 | E64: Item 10 | F64: Item 8 | G64: Item 11 | H64: Item 3 | I64: Item 2 | J64: Item 1 | K64: Item 4 | L64: Item 14
A65: Customer Class | B65: Total Discounts (Non-Exempted Projects) | C65: Total Discounts (Exempted projects) | D65: Total Allowances (Non-Exempted Projects) | E65: Total Allowances (Exempted projects) | F65: Total Refund Payments Provided to Builders (Non-Exempted Projects) | G65: Total Refund Payments Provided to Builders (Exempted projects) | H65: Total Estimated Non-Refundable | I65: Total Estimated Refundable | J65: Total Electric Line Extension Requests Received (Applications) | K65: Total Electric Line Extensions Energized | L65: Total Electric Line Extension Applications for Applicant Install
A66: Agency (City, County, Caltrans) | C66: 0 | E66: 0 | G66: 0 | K66: 1
A67: Agricultural | C67: 0 | E67: 0 | G67: 0
A68: Commercial | B68: 101431.87 | C68: 0 | D68: 13035.122 | E68: 0 | G68: 0 | H68: 125 | I68: 215898.87 | J68: 1 | K68: 2 | L68: 1
A69: Industrial | C69: 0 | E69: 0 | G69: 0 | K69: 1
A70: Mixed Use (Commercial / Residential) | C70: 0 | E70: 0 | F70: 27694.97 | G70: 0 | J70: 1 | L70: 1
A71: Residential | B71: 1653.4718 | C71: 0 | D71: 0 | E71: 0 | G71: 0 | H71: 131179.47 | I71: 3306.9436 | J71: 6 | K71: 21 | L71: 3
A72: Street and Outdoor area Lighting | C72: 0 | E72: 0 | G72: 0
A73: Telecommunications | C73: 0 | E73: 0 | G73: 0
A74: Temporary Services | C74: 0 | E74: 0 | G74: 0
A76: 45137
A77: Customer Class | B77: Total Discounts (Non-Exempted Projects) | C77: Total Discounts (Exempted projects) | D77: Total Allowances (Non-Exempted Projects) | E77: Total Allowances (Exempted projects) | F77: Total Refund Payments Provided to Builders (Non-Exempted Projects) | G77: Total Refund Payments Provided to Builders (Exempted projects) | H77: Total Estimated Non-Refundable | I77: Total Estimated Refundable | J77: Total Electric Line Extension Requests Received (Applications) | K77: Total Electric Line Extensions Energized | L77: Total Electric Line Extension Applications for Applicant Install
A78: Agency (City, County, Caltrans) | C78: 0 | E78: 0 | G78: 0
A79: Agricultural | C79: 0 | E79: 0 | G79: 0
A80: Commercial | B80: 31011.785 | C80: 0 | D80: 28939.382 | E80: 0 | G80: 0 | H80: 5298.7004 | I80: 90962.953 | K80: 2
A81: Industrial | C81: 0 | E81: 0 | G81: 0
A82: Mixed Use (Commercial / Residential) | C82: 0 | E82: 0 | G82: 0
A83: Residential | B83: 5457.7794 | C83: 0 | D83: 0 | E83: 0 | G83: 0 | H83: 168038.2 | I83: 10915.559 | J83: 1 | K83: 15 | L83: 1
A84: Street and Outdoor area Lighting | C84: 0 | E84: 0 | G84: 0
A85: Telecommunications | C85: 0 | E85: 0 | G85: 0
A86: Temporary Services | C86: 0 | E86: 0 | G86: 0
A88: 45139
A89: Customer Class | B89: Total Discounts (Non-Exempted Projects) | C89: Total Discounts (Exempted projects) | D89: Total Allowances (Non-Exempted Projects) | E89: Total Allowances (Exempted projects) | F89: Total Refund Payments Provided to Builders (Non-Exempted Projects) | G89: Total Refund Payments Provided to Builders (Exempted projects) | H89: Total Estimated Non-Refundable | I89: Total Estimated Refundable | J89: Total Electric Line Extension Requests Received (Applications) | K89: Total Electric Line Extensions Energized | L89: Total Electric Line Extension Applications for Applicant Install
A90: Agency (City, County, Caltrans) | C90: 0 | E90: 0 | G90: 0
A91: Agricultural | C91: 0 | E91: 0 | G91: 0
A92: Commercial | B92: 148527.23 | C92: 0 | D92: 231106.09 | E92: 0 | G92: 0 | H92: 48882.788 | I92: 528160.54 | J92: 2 | K92: 1
A93: Industrial | C93: 0 | E93: 0 | G93: 0
A94: Mixed Use (Commercial / Residential) | C94: 0 | E94: 0 | G94: 0
A95: Residential | B95: 28945.239 | C95: 0 | D95: 0 | E95: 0 | G95: 0 | H95: 99601.519 | I95: 57890.479 | K95: 35
A96: Street and Outdoor area Lighting | C96: 0 | E96: 0 | G96: 0
A97: Telecommunications | C97: 0 | E97: 0 | G97: 0
A98: Temporary Services | C98: 0 | E98: 0 | G98: 0
A100: 45170
A101: Customer Class | B101: Total Discounts (Non-Exempted Projects) | C101: Total Discounts (Exempted projects) | D101: Total Allowances (Non-Exempted Projects) | E101: Total Allowances (Exempted projects) | F101: Total Refund Payments Provided to Builders (Non-Exempted Projects) | G101: Total Refund Payments Provided to Builders (Exempted projects) | H101: Total Estimated Non-Refundable | I101: Total Estimated Refundable | J101: Total Electric Line Extension Requests Received (Applications) | K101: Total Electric Line Extensions Energized | L101: Total Electric Line Extension Applications for Applicant Install
A102: Agency (City, County, Caltrans) | C102: 0 | E102: 0 | G102: 0
A103: Agricultural | C103: 0 | E103: 0 | G103: 0
A104: Commercial | B104: 146018.51 | C104: 0 | D104: 101895.97 | E104: 0 | G104: 0 | H104: 24939.795 | I104: 393932.98 | K104: 3
A105: Industrial | C105: 0 | E105: 0 | G105: 0
A106: Mixed Use (Commercial / Residential) | B106: 5515.768 | C106: 0 | D106: 0 | E106: 0 | G106: 0 | H106: 5019.0072 | I106: 11031.536
A107: Residential | B107: 2624.3236 | C107: 0 | D107: 0 | E107: 0 | G107: 0 | H107: 336622.5 | I107: 5248.6472 | J107: 1 | K107: 17 | L107: 1
A108: Street and Outdoor area Lighting | C108: 0 | E108: 0 | G108: 0
...

Sheet All Electric Upgrades Existing
A1: Category: Upgrades to Existing Facilities
A2: Dates to Pull: January 01, 2023 - December 31, 2023
A3: Due Date: May 01, 2024
A4: 44927 | B4: Item 9 | C4: Item 12 | D4: Item 7 | E4: Item 10 | F4: Item 8 | G4: Item 11 | H4: Item 3 | I4: Item 2 | J4: Item 1 | K4: Item 4 | L4: Item 14
A5: Customer Class | B5: Total Discounts (Non-Exempted Projects) | C5: Total Discounts (Exempted projects) | D5: Total Allowances (Non-Exempted Projects) | E5: Total Allowances (Exempted projects) | F5: Total Refund Payments Provided to Builders (Non-Exempted Projects) | G5: Total Refund Payments Provided to Builders (Exempted projects) | H5: Total Estimated Non-Refundable | I5: Total Estimated Refundable | J5: Total Electric Line Extension Requests Received (Applications) | K5: Total Electric Line Extensions Energized | L5: Total Electric Line Extension Applications for Applicant Install
A6: Agency (City, County, Caltrans) | B6: 1698.9428 | C6: 0 | D6: 84530.353 | E6: 0 | G6: 0 | H6: 10127.013 | I6: 87928.239 | J6: 5 | K6: 2 | L6: 3
A7: Agricultural | B7: 62130.892 | C7: 0 | D7: 738253.83 | E7: 0 | F7: 2115.22 | G7: 0 | H7: 25090.684 | I7: 862515.62 | J7: 6 | K7: 9 | L7: 3
A8: Commercial | B8: 470418.43 | C8: 0 | D8: 479026.38 | E8: 0 | F8: 28923.07 | G8: 0 | H8: 162489.06 | I8: 1419863.2 | J8: 30 | K8: 17 | L8: 17
A9: Industrial | B9: 1820.6324 | C9: 0 | D9: 18488.098 | E9: 0 | G9: 0 | H9: 125 | I9: 22129.362 | J9: 5 | L9: 5
A10: Mixed Use (Commercial / Residential) | B10: 126788.15 | C10: 0 | D10: 56679.764 | E10: 0 | F10: 782.71 | G10: 0 | H10: 22809.068 | I10: 310256.07 | J10: 3 | K10: 7 | L10: 2
A11: Residential | B11: 122971.2 | C11: 0 | D11: 32074.388 | E11: 0 | G11: 0 | H11: 931829.06 | I11: 278016.79 | J11: 568 | K11: 119 | L11: 465
A12: Street and Outdoor area Lighting | C12: 0 | E12: 0 | G12: 0 | H12: 10501.61 | J12: 1 | L12: 1
A13: Telecommunications | B13: 3265.666 | C13: 0 | D13: 712.74797 | E13: 0 | G13: 0 | H13: 2615.6268 | I13: 7244.08 | J13: 15 | L13: 5
A14: Temporary Services | C14: 0 | E14: 0 | G14: 0
A16: 45345
A17: Customer Class | B17: Total Discounts (Non-Exempted Projects) | C17: Total Discounts (Exempted projects) | D17: Total Allowances (Non-Exempted Projects) | E17: Total Allowances (Exempted projects) | F17: Total Refund Payments Provided to Builders (Non-Exempted Projects) | G17: Total Refund Payments Provided to Builders (Exempted projects) | H17: Total Estimated Non-Refundable | I17: Total Estimated Refundable | J17: Total Electric Line Extension Requests Received (Applications) | K17: Total Electric Line Extensions Energized | L17: Total Electric Line Extension Applications for Applicant Install
A18: Agency (City, County, Caltrans) | B18: 83953.139 | C18: 0 | D18: 187424.98 | E18: 0 | G18: 0 | H18: 41764.142 | I18: 355331.26 | J18: 4 | K18: 1 | L18: 3
A19: Agricultural | B19: 89985.722 | C19: 0 | D19: 616700.19 | E19: 0 | F19: 5095.28 | G19: 0 | H19: 29860.061 | I19: 796671.63 | J19: 9 | K19: 27 | L19: 4
A20: Commercial | B20: 225490.52 | C20: 0 | D20: 389280.54 | E20: 0 | F20: 71397.45 | G20: 0 | H20: 90459.508 | I20: 840261.58 | J20: 29 | K20: 19 | L20: 10
A21: Industrial | C21: 0 | E21: 0 | G21: 0 | J21: 2 | K21: 1
A22: Mixed Use (Commercial / Residential) | B22: 40541.205 | C22: 0 | D22: 191626.72 | E22: 0 | F22: 1505.05 | G22: 0 | H22: 45645.162 | I22: 272709.13 | J22: 6 | K22: 8 | L22: 2
A23: Residential | B23: 89634.617 | C23: 0 | D23: 67976.041 | E23: 0 | G23: 0 | H23: 945975.94 | I23: 247245.27 | J23: 576 | K23: 205 | L23: 509
A24: Street and Outdoor area Lighting | B24: 10898.381 | C24: 0 | D24: 712.74797 | E24: 0 | G24: 0 | H24: 46326.829 | I24: 22509.509 | J24: 2
A25: Telecommunications | B25: 334.29982 | C25: 0 | D25: 712.74797 | E25: 0 | G25: 0 | H25: 125 | I25: 1381.3476 | J25: 17
A26: Temporary Services | C26: 0 | E26: 0 | G26: 0
A28: 44986
A29: Customer Class | B29: Total Discounts (Non-Exempted Projects) | C29: Total Discounts (Exempted projects) | D29: Total Allowances (Non-Exempted Projects) | E29: Total Allowances (Exempted projects) | F29: Total Refund Payments Provided to Builders (Non-Exempted Projects) | G29: Total Refund Payments Provided to Builders (Exempted projects) | H29: Total Estimated Non-Refundable | I29: Total Estimated Refundable | J29: Total Electric Line Extension Requests Received (Applications) | K29: Total Electric Line Extensions Energized | L29: Total Electric Line Extension Applications for Applicant Install
A30: Agency (City, County, Caltrans) | B30: 13537.163 | C30: 0 | D30: 2130.1789 | E30: 0 | G30: 0 | H30: 3276.6144 | I30: 29204.505 | J30: 5 | K30: 2 | L30: 2
A31: Agricultural | B31: 130402.22 | C31: 0 | D31: 902373.12 | E31: 0 | F31: 19070.69 | G31: 0 | H31: 26675.178 | I31: 1163177.6 | J31: 10 | K31: 13 | L31: 5
A32: Commercial | B32: 1197851.9 | C32: 0 | D32: 1468765.7 | E32: 0 | G32: 0 | H32: 260941.15 | I32: 3864469.4 | J32: 37 | K32: 8 | L32: 22
A33: Industrial | B33: 51018.941 | C33: 0 | D33: 57381.181 | E33: 0 | G33: 0 | H33: 5930.4484 | I33: 159419.06 | J33: 3 | L33: 2
A34: Mixed Use (Commercial / Residential) | B34: 32617.736 | C34: 0 | D34: 80753.647 | E34: 0 | F34: 17003.3 | G34: 0 | H34: 7658.1036 | I34: 145989.12 | J34: 10 | K34: 3 | L34: 4
A35: Residential | B35: 31234.281 | C35: 0 | D35: 14181.405 | E35: 0 | G35: 0 | H35: 1000458.8 | I35: 76649.968 | J35: 903 | K35: 124 | L35: 744
A36: Street and Outdoor area Lighting | B36: 0 | C36: 0 | D36: 11910.932 | E36: 0 | G36: 0 | H36: 6819.6532 | I36: 11910.932 | J36: 3
A37: Telecommunications | B37: 100748.34 | C37: 0 | D37: 3563.7398 | E37: 0 | G37: 0 | H37: 15437.119 | I37: 205060.41 | J37: 15 | K37: 1 | L37: 4
A38: Temporary Services | C38: 0 | E38: 0 | G38: 0
A40: 45017
A41: Customer Class | B41: Total Discounts (Non-Exempted Projects) | C41: Total Discounts (Exempted projects) | D41: Total Allowances (Non-Exempted Projects) | E41: Total Allowances (Exempted projects) | F41: Total Refund Payments Provided to Builders (Non-Exempted Projects) | G41: Total Refund Payments Provided to Builders (Exempted projects) | H41: Total Estimated Non-Refundable | I41: Total Estimated Refundable | J41: Total Electric Line Extension Requests Received (Applications) | K41: Total Electric Line Extensions Energized | L41: Total Electric Line Extension Applications for Applicant Install
A42: Agency (City, County, Caltrans) | B42: 119076.22 | C42: 0 | D42: 90506.306 | E42: 0 | G42: 0 | H42: 58068.019 | I42: 328658.75 | J42: 1 | K42: 4 | L42: 1
A43: Agricultural | B43: 103335.31 | C43: 0 | D43: 579211.03 | E43: 0 | G43: 0 | H43: 13015.786 | I43: 785881.64 | J43: 5 | K43: 43 | L43: 2
A44: Commercial | B44: 288177.35 | C44: 0 | D44: 113809.94 | E44: 0 | G44: 0 | H44: 75402.862 | I44: 690164.63 | J44: 12 | K44: 31 | L44: 8
A45: Industrial | B45: 50369.959 | C45: 0 | D45: 108920.89 | E45: 0 | G45: 0 | H45: 2693.7096 | I45: 209660.81 | J45: 4 | K45: 5 | L45: 2
A46: Mixed Use (Commercial / Residential) | B46: 69359.67 | C46: 0 | D46: 38716.984 | E46: 0 | F46: 28955.89 | G46: 0 | H46: 23654.162 | I46: 177436.32 | J46: 10 | K46: 12 | L46: 2
A47: Residential | B47: 112563.82 | C47: 0 | D47: 35389.674 | E47: 0 | G47: 0 | H47: 1176671.3 | I47: 260517.32 | J47: 756 | K47: 374 | L47: 688
A48: Street and Outdoor area Lighting | C48: 0 | E48: 0 | G48: 0 | H48: 20003.655 | J48: 2
A49: Telecommunications | B49: 32567.223 | C49: 0 | D49: 2138.2439 | E49: 0 | G49: 0 | H49: 4889.654 | I49: 67272.691 | J49: 28 | K49: 1 | L49: 20
A50: Temporary Services | C50: 0 | E50: 0 | G50: 0
A52: 45047
A53: Customer Class | B53: Total Discounts (Non-Exempted Projects) | C53: Total Discounts (Exempted projects) | D53: Total Allowances (Non-Exempted Projects) | E53: Total Allowances (Exempted projects) | F53: Total Refund Payments Provided to Builders (Non-Exempted Projects) | G53: Total Refund Payments Provided to Builders (Exempted projects) | H53: Total Estimated Non-Refundable | I53: Total Estimated Refundable | J53: Total Electric Line Extension Requests Received (Applications) | K53: Total Electric Line Extensions Energized | L53: Total Electric Line Extension Applications for Applicant Install
A54: Agency (City, County, Caltrans) | B54: 16430.481 | C54: 0 | D54: 8242.4715 | E54: 0 | G54: 0 | H54: 46067.666 | I54: 41103.433 | J54: 6 | K54: 1 | L54: 6
A55: Agricultural | B55: 162899.58 | C55: 0 | D55: 1212420.9 | E55: 0 | F55: 1076.18 | G55: 0 | H55: 17525.733 | I55: 1538220.1 | J55: 3 | K55: 36 | L55: 1
A56: Commercial | B56: 959982.45 | C56: 0 | D56: 738976.43 | E56: 0 | F56: 13748.24 | G56: 0 | H56: 147090.02 | I56: 2658941.3 | J56: 32 | K56: 25 | L56: 18
A57: Industrial | B57: 44837.15 | C57: 0 | D57: 23613.514 | E57: 0 | G57: 0 | H57: 14179.17 | I57: 113287.81 | J57: 1 | K57: 2 | L57: 1
A58: Mixed Use (Commercial / Residential) | B58: 13581.374 | C58: 0 | D58: 101024.93 | E58: 0 | G58: 0 | H58: 9944.938 | I58: 128187.68 | J58: 9 | K58: 5 | L58: 1
A59: Residential | B59: 48339.58 | C59: 0 | D59: 3726.331 | E59: 0 | G59: 0 | H59: 1456738.6 | I59: 100405.49 | J59: 603 | K59: 433 | L59: 541
A60: Street and Outdoor area Lighting | B60: 0 | C60: 0 | D60: 0 | E60: 0 | G60: 0 | H60: 9216.5652 | I60: 0 | J60: 3 | K60: 2
A61: Telecommunications | B61: 5377.4562 | C61: 0 | D61: 1425.4959 | E61: 0 | G61: 0 | H61: 5942.2188 | I61: 12180.408 | J61: 10 | K61: 2 | L61: 1
A62: Temporary Services | C62: 0 | E62: 0 | G62: 0
A64: 45078 | B64: Item 9 | C64: Item 12 | D64: Item 7 | E64: Item 10 | F64: Item 8 | G64: Item 11 | H64: Item 3 | I64: Item 2 | J64: Item 1 | K64: Item 4 | L64: Item 14
A65: Customer Class | B65: Total Discounts (Non-Exempted Projects) | C65: Total Discounts (Exempted projects) | D65: Total Allowances (Non-Exempted Projects) | E65: Total Allowances (Exempted projects) | F65: Total Refund Payments Provided to Builders (Non-Exempted Projects) | G65: Total Refund Payments Provided to Builders (Exempted projects) | H65: Total Estimated Non-Refundable | I65: Total Estimated Refundable | J65: Total Electric Line Extension Requests Received (Applications) | K65: Total Electric Line Extensions Energized | L65: Total Electric Line Extension Applications for Applicant Install
A66: Agency (City, County, Caltrans) | B66: 61057.921 | C66: 0 | D66: 60817.463 | E66: 0 | G66: 0 | H66: 30003.761 | I66: 182933.31 | J66: 6 | K66: 3 | L66: 2
A67: Agricultural | B67: 247496.16 | C67: 0 | D67: 629070.5 | E67: 0 | F67: 1143.25 | G67: 0 | H67: 71993.427 | I67: 1124062.8 | J67: 12 | K67: 25 | L67: 6
A68: Commercial | B68: 399410.09 | C68: 0 | D68: 1164648 | E68: 0 | F68: 95651.32 | G68: 0 | H68: 160820.25 | I68: 1963468.2 | J68: 15 | K68: 24 | L68: 10
A69: Industrial | B69: 49357.966 | C69: 0 | D69: 4466.6883 | E69: 0 | G69: 0 | H69: 20023.578 | I69: 103182.62 | J69: 3 | K69: 2 | L69: 3
A70: Mixed Use (Commercial / Residential) | B70: 0 | C70: 0 | D70: 0 | E70: 0 | F70: 3775.1 | G70: 0 | H70: 138170.77 | I70: 0 | J70: 11 | K70: 7 | L70: 2
A71: Residential | B71: 39031.164 | C71: 0 | D71: 1258.0296 | E71: 0 | G71: 0 | H71: 1406727.3 | I71: 79320.357 | J71: 326 | K71: 349 | L71: 272
A72: Street and Outdoor area Lighting | C72: 0 | E72: 0 | G72: 0 | H72: 9605.474 | J72: 1 | K72: 1
A73: Telecommunications | B73: 10366.119 | C73: 0 | D73: 1425.4959 | E73: 0 | G73: 0 | H73: 2243.982 | I73: 22157.734 | J73: 8 | L73: 2
A74: Temporary Services | C74: 0 | E74: 0 | G74: 0
A76: 45137
A77: Customer Class | B77: Total Discounts (Non-Exempted Projects) | C77: Total Discounts (Exempted projects) | D77: Total Allowances (Non-Exempted Projects) | E77: Total Allowances (Exempted projects) | F77: Total Refund Payments Provided to Builders (Non-Exempted Projects) | G77: Total Refund Payments Provided to Builders (Exempted projects) | H77: Total Estimated Non-Refundable | I77: Total Estimated Refundable | J77: Total Electric Line Extension Requests Received (Applications) | K77: Total Electric Line Extensions Energized | L77: Total Electric Line Extension Applications for Applicant Install
A78: Agency (City, County, Caltrans) | B78: 5112.7266 | C78: 0 | D78: 712.74797 | E78: 0 | G78: 0 | H78: 6475.8336 | I78: 10938.201 | K78: 5
A79: Agricultural | B79: 92147.07 | C79: 0 | D79: 674918.96 | E79: 0 | G79: 0 | H79: 30428.371 | I79: 859213.1 | K79: 30
A80: Commercial | B80: 494625.2 | C80: 0 | D80: 747057.52 | E80: 0 | F80: 353212.98 | G80: 0 | H80: 135072.6 | I80: 1736307.9 | J80: 9 | K80: 29 | L80: 1
A81: Industrial | B81: 39548.153 | C81: 0 | D81: 147341.77 | E81: 0 | G81: 0 | H81: 12870.522 | I81: 226438.07 | J81: 4 | K81: 2 | L81: 2
A82: Mixed Use (Commercial / Residential) | B82: 67442.616 | C82: 0 | D82: 27589.214 | E82: 0 | G82: 0 | H82: 19609.485 | I82: 162474.45 | J82: 13 | K82: 4 | L82: 5
A83: Residential | B83: 144718.97 | C83: 0 | D83: 12359.021 | E83: 0 | G83: 0 | H83: 1495582.3 | I83: 301796.97 | J83: 65 | K83: 257 | L83: 35
A84: Street and Outdoor area Lighting | B84: 3814.5558 | C84: 0 | D84: 31817.93 | E84: 0 | G84: 0 | H84: 3960.2576 | I84: 39447.041 | J84: 3 | L84: 1
A85: Telecommunications | B85: 23238.631 | C85: 0 | D85: 712.74797 | E85: 0 | G85: 0 | H85: 5801.3652 | I85: 47190.01 | J85: 16 | K85: 2 | L85: 8
A86: Temporary Services | C86: 0 | E86: 0 | G86: 0
A88: 45139
A89: Customer Class | B89: Total Discounts (Non-Exempted Projects) | C89: Total Discounts (Exempted projects) | D89: Total Allowances (Non-Exempted Projects) | E89: Total Allowances (Exempted projects) | F89: Total Refund Payments Provided to Builders (Non-Exempted Projects) | G89: Total Refund Payments Provided to Builders (Exempted projects) | H89: Total Estimated Non-Refundable | I89: Total Estimated Refundable | J89: Total Electric Line Extension Requests Received (Applications) | K89: Total Electric Line Extensions Energized | L89: Total Electric Line Extension Applications for Applicant Install
A90: Agency (City, County, Caltrans) | B90: 150073.88 | C90: 0 | D90: 259449.02 | E90: 0 | G90: 0 | H90: 38050.82 | I90: 559596.77 | J90: 1 | K90: 2 | L90: 1
A91: Agricultural | B91: 180399.45 | C91: 0 | D91: 830195.59 | E91: 0 | F91: 8817.38 | G91: 0 | H91: 41253.951 | I91: 1190994.5 | J91: 4 | K91: 25 | L91: 3
A92: Commercial | B92: 577389.11 | C92: 0 | D92: 612846.14 | E92: 0 | G92: 0 | H92: 98380.298 | I92: 1767624.4 | J92: 18 | K92: 22 | L92: 5
A93: Industrial | B93: 10843.999 | C93: 0 | D93: 93147.187 | E93: 0 | G93: 0 | H93: 7504.9492 | I93: 114835.18
A94: Mixed Use (Commercial / Residential) | B94: 2454.365 | C94: 0 | D94: 44755.998 | E94: 0 | G94: 0 | H94: 9409.1704 | I94: 49664.728 | J94: 15 | K94: 3 | L94: 1
A95: Residential | B95: 61221.23 | C95: 0 | D95: 50184.078 | E95: 0 | G95: 0 | H95: 1671929.1 | I95: 172626.54 | J95: 48 | K95: 361 | L95: 29
A96: Street and Outdoor area Lighting | C96: 0 | E96: 0 | G96: 0 | H96: 208695.8 | J96: 7 | K96: 2 | L96: 4
A97: Telecommunications | B97: 41609.144 | C97: 0 | D97: 712.74797 | E97: 0 | G97: 0 | H97: 4490.358 | I97: 83931.037 | J97: 2 | K97: 3
A98: Temporary Services | C98: 0 | E98: 0 | G98: 0
A100: 45170
A101: Customer Class | B101: Total Discounts (Non-Exempted Projects) | C101: Total Discounts (Exempted projects) | D101: Total Allowances (Non-Exempted Projects) | E101: Total Allowances (Exempted projects) | F101: Total Refund Payments Provided to Builders (Non-Exempted Projects) | G101: Total Refund Payments Provided to Builders (Exempted projects) | H101: Total Estimated Non-Refundable | I101: Total Estimated Refundable | J101: Total Electric Line Extension Requests Received (Applications) | K101: Total Electric Line Extensions Energized | L101: Total Electric Line Extension Applications for Applicant Install
A102: Agency (City, County, Caltrans) | B102: 205158.3 | C102: 0 | D102: 190791.47 | E102: 0 | G102: 0 | H102: 97598.725 | I102: 601108.08 | K102: 3
A103: Agricultural | B103: 189225.96 | C103: 0 | D103: 865418.28 | E103: 0 | G103: 0 | H103: 43653.44 | I103: 1243870.2 | J103: 2 | K103: 24
A104: Commercial | B104: 544482.4 | C104: 0 | D104: 742584.75 | E104: 0 | G104: 0 | H104: 175917.57 | I104: 1831549.6 | J104: 21 | K104: 29 | L104: 1
A105: Industrial | B105: 0 | C105: 0 | D105: 302510.41 | E105: 0 | G105: 0 | H105: 3249.9412 | I105: 302510.41 | K105: 6
A106: Mixed Use (Commercial / Residential) | B106: 0 | C106: 0 | D106: 7760.23 | E106: 0 | G106: 0 | H106: 400 | I106: 7760.23 | J106: 5 | K106: 11
A107: Residential | B107: 70055.067 | C107: 0 | D107: 21820.66 | E107: 0 | G107: 0 | H107: 997660.83 | I107: 161930.79 | J107: 44 | K107: 343 | L107: 25
A108: Street and Outdoor area Lighting | B108: 0 | C108: 0 | D108: 0 | E108: 0 | G108: 0 | H108: 97772.741 | I108: 0 | J108: 2 | K108: 2
...
