Workbook

Sheet Sheet1
A1: Category: MIXED FUEL NEW CONSTRUCTION
A2: Dates to Pull: January 01, 2024 ‐ December 31, 2024
A3: Due Date: May 01, 2025
A4: *Customer classes vary between IOU's
A7: January | B7: Item 9 | C7: item 12 | D7: Item 7 | E7: Item 10 | F7: Item 8 | G7: Item 11 | H7: Item 3 | I7: Item 2 | J7: Item 1 | K7: Item 4 | L7: Item 14
A8: Customer Class | B8: Total Discounts (Non‐Exempted Projects) | C8: Total Discounts (Exempted projects) | D8: Total Allowances (Non‐Exempted Projects) | E8: Total Allowances (Exempted projects) | F8: Total Refund Payments Provided to Builders (Non‐Exempted Projects) | G8: Total Refund Payments Provided to Builders (Exempted projects) | H8: Total Estimated Non‐Refundable | I8: Total Estimated Refundable | J8: Total Electric Line Extension Requests received (applications) | K8: Total Electric Line Extensions Energized | L8: Total Electric Line Extension Applications for applicant install
A10: Agency (City, County, Caltrans) | B10: 34947 | C10: 0 | D10: 23785 | E10: 0 | F10: 0 | G10: 0 | H10: 8530 | I10: 93678 | J10: 1
A11: Agricultural | B11: 2352 | C11: 0 | D11: 0 | E11: 0 | F11: 0 | G11: 0 | H11: 1564 | I11: 4705 | J11: 4 | L11: 1
A12: Commercial | B12: 2154069 | C12: 0 | D12: 2223555 | E12: 0 | F12: 13735 | G12: 0 | H12: 534142 | I12: 6531693 | J12: 30 | K12: 20 | L12: 9
A13: Industrial | B13: 0 | C13: 0 | D13: 0 | E13: 0 | F13: 0 | G13: 0 | H13: 0 | I13: 0 | J13: 6 | K13: 1 | L13: 2
A14: Mixed Use (Commercial / Residential) | B14: 65787 | C14: 0 | D14: 45715 | E14: 0 | F14: 6532 | G14: 0 | H14: 22614 | I14: 177289 | J14: 3 | K14: 3 | L14: 1
A15: Residential | B15: 6261218 | C15: 0 | D15: 3839388 | E15: 0 | F15: 49132 | G15: 0 | H15: 2935514 | I15: 16685228 | J15: 218 | K15: 86 | L15: 49
A16: Street and Outdoor area Lighting | B16: 0 | C16: 0 | D16: 0 | E16: 0 | F16: 0 | G16: 0 | H16: 0 | I16: 0
A17: Telecommunications | B17: 0 | C17: 0 | D17: 0 | E17: 0 | F17: 0 | G17: 0 | H17: 0 | I17: 0
A18: Temporary Services | B18: 0 | C18: 0 | D18: 0 | E18: 0 | F18: 0 | G18: 0 | H18: 0 | I18: 0
A20: February | B20: Item 9 | C20: item 12 | D20: Item 7 | E20: Item 10 | F20: Item 8 | G20: Item 11 | H20: Item 3 | I20: Item 2 | J20: Item 1 | K20: Item 4 | L20: Item 14
A21: Customer Class | B21: Total Discounts (Non‐Exempted Projects) | C21: Total Discounts (Exempted projects) | D21: Total Allowances (Non‐Exempted Projects) | E21: Total Allowances (Exempted projects) | F21: Total Refund Payments Provided to Builders (Non‐Exempted Projects) | G21: Total Refund Payments Provided to Builders (Exempted projects) | H21: Total Estimated Non‐Refundable | I21: Total Estimated Refundable | J21: Total Electric Line Extension Requests received (applications) | K21: Total Electric Line Extensions Energized | L21: Total Electric Line Extension Applications for applicant install
A23: Agency (City, County, Caltrans) | B23: 0 | C23: 0 | D23: 0 | E23: 0 | F23: 0 | H23: 0 | I23: 0
A24: Agricultural | B24: 0 | C24: 0 | D24: 0 | E24: 0 | F24: 0 | H24: 0 | I24: 0 | J24: 1
A25: Commercial | B25: 2496365 | C25: 0 | D25: 1871907 | E25: 0 | F25: 64392 | H25: 346491 | I25: 6864637 | J25: 29 | K25: 19 | L25: 9
A26: Industrial | B26: 0 | C26: 0 | D26: 301918 | E26: 0 | F26: 0 | H26: 6843 | I26: 301918 | J26: 2 | L26: 2
A27: Mixed Use (Commercial / Residential) | B27: 71856 | C27: 0 | D27: 528537 | E27: 0 | F27: 2411 | H27: 68704 | I27: 672249 | J27: 5 | K27: 4 | L27: 4
A28: Residential | B28: 2968529 | C28: 0 | D28: 1458026 | E28: 0 | F28: 371659 | H28: 2189194 | I28: 7912520 | J28: 211 | K28: 78 | L28: 35
A29: Street and Outdoor area Lighting | B29: 0 | C29: 0 | D29: 0 | E29: 0 | F29: 0 | H29: 0 | I29: 0
A30: Telecommunications | B30: 0 | C30: 0 | D30: 0 | E30: 0 | F30: 0 | H30: 0 | I30: 0
A31: Temporary Services | B31: 0 | C31: 0 | D31: 0 | E31: 0 | F31: 0 | H31: 0 | I31: 0
A33: March | B33: Item 9 | C33: item 12 | D33: Item 7 | E33: Item 10 | F33: Item 8 | G33: Item 11 | H33: Item 3 | I33: Item 2 | J33: Item 1 | K33: Item 4 | L33: Item 14
A34: Customer Class | B34: Total Discounts (Non‐Exempted Projects) | C34: Total Discounts (Exempted projects) | D34: Total Allowances (Non‐Exempted Projects) | E34: Total Allowances (Exempted projects) | F34: Total Refund Payments Provided to Builders (Non‐Exempted Projects) | G34: Total Refund Payments Provided to Builders (Exempted projects) | H34: Total Estimated Non‐Refundable | I34: Total Estimated Refundable | J34: Total Electric Line Extension Requests received (applications) | K34: Total Electric Line Extensions Energized | L34: Total Electric Line Extension Applications for applicant install
A36: Agency (City, County, Caltrans) | B36: 0 | C36: 0 | D36: 0 | E36: 0 | F36: 0 | H36: 0 | I36: 0 | J36: 2
A37: Agricultural | B37: 0 | C37: 0 | D37: 0 | E37: 0 | F37: 0 | H37: 0 | I37: 0 | J37: 1
A38: Commercial | B38: 1197197 | C38: 0 | D38: 1118740 | E38: 0 | F38: 0 | H38: 303370 | I38: 3513135 | J38: 37 | K38: 23 | L38: 18
A39: Industrial | B39: 86196 | C39: 0 | D39: 46448 | E39: 0 | F39: 0 | H39: 26380 | I39: 218839 | J39: 3 | L39: 1
A40: Mixed Use (Commercial / Residential) | B40: 0 | C40: 0 | D40: 159042 | E40: 0 | F40: 3204.09 | H40: 22940 | I40: 159042 | J40: 2 | K40: 2 | L40: 1
A41: Residential | B41: 7490314 | C41: 0 | D41: 4481781 | E41: 0 | F41: 223345 | H41: 3509612 | I41: 19741962 | J41: 221 | K41: 101 | L41: 51
A42: Street and Outdoor area Lighting | B42: 0 | C42: 0 | D42: 0 | E42: 0 | F42: 0 | H42: 0 | I42: 0
A43: Telecommunications | B43: 0 | C43: 0 | D43: 0 | E43: 0 | F43: 0 | H43: 0 | I43: 0
A44: Temporary Services | B44: 0 | C44: 0 | D44: 0 | E44: 0 | F44: 0 | H44: 0 | I44: 0
A46: April | B46: Item 9 | C46: item 12 | D46: Item 7 | E46: Item 10 | F46: Item 8 | G46: Item 11 | H46: Item 3 | I46: Item 2 | J46: Item 1 | K46: Item 4 | L46: Item 14
A47: Customer Class | B47: Total Discounts (Non‐Exempted Projects) | C47: Total Discounts (Exempted projects) | D47: Total Allowances (Non‐Exempted Projects) | E47: Total Allowances (Exempted projects) | F47: Total Refund Payments Provided to Builders (Non‐Exempted Projects) | G47: Total Refund Payments Provided to Builders (Exempted projects) | H47: Total Estimated Non‐Refundable | I47: Total Estimated Refundable | J47: Total Electric Line Extension Requests received (applications) | K47: Total Electric Line Extensions Energized | L47: Total Electric Line Extension Applications for applicant install
A49: Agency (City, County, Caltrans) | B49: 189016 | C49: 0 | D49: 852 | E49: 0 | F49: 0 | H49: 36299 | I49: 378883 | J49: 1
A50: Agricultural | B50: 0 | C50: 0 | D50: 0 | E50: 0 | F50: 0 | H50: 0 | I50: 0
A51: Commercial | B51: 1162260 | C51: 0 | D51: 762255 | E51: 0 | F51: 2010 | H51: 628881 | I51: 3086775 | J51: 32 | K51: 25 | L51: 16
A52: Industrial | B52: 0 | C52: 0 | D52: 0 | E52: 0 | F52: 0 | H52: 0 | I52: 0 | J52: 1 | L52: 1
A53: Mixed Use (Commercial / Residential) | B53: 1335042 | C53: 0 | D53: 97529 | E53: 0 | F53: 36135 | H53: 123013 | I53: 2767613 | J53: 10 | K53: 2 | L53: 6
A54: Residential | B54: 4428513 | C54: 0 | D54: 3097870 | E54: 0 | F54: 101343 | H54: 2447432 | I54: 12340557 | J54: 215 | K54: 90 | L54: 41
A55: Street and Outdoor area Lighting | B55: 0 | C55: 0 | D55: 0 | E55: 0 | F55: 0 | H55: 0 | I55: 0
A56: Telecommunications | B56: 0 | C56: 0 | D56: 0 | E56: 0 | F56: 0 | H56: 0 | I56: 0
A57: Temporary Services | B57: 0 | C57: 0 | D57: 0 | E57: 0 | F57: 0 | H57: 0 | I57: 0
A59: May | B59: Item 9 | C59: item 12 | D59: Item 7 | E59: Item 10 | F59: Item 8 | G59: Item 11 | H59: Item 3 | I59: Item 2 | J59: Item 1 | K59: Item 4 | L59: Item 14
A60: Customer Class | B60: Total Discounts (Non‐Exempted Projects) | C60: Total Discounts (Exempted projects) | D60: Total Allowances (Non‐Exempted Projects) | E60: Total Allowances (Exempted projects) | F60: Total Refund Payments Provided to Builders (Non‐Exempted Projects) | G60: Total Refund Payments Provided to Builders (Exempted projects) | H60: Total Estimated Non‐Refundable | I60: Total Estimated Refundable | J60: Total Electric Line Extension Requests received (applications) | K60: Total Electric Line Extensions Energized | L60: Total Electric Line Extension Applications for applicant install
A62: Agency (City, County, Caltrans) | B62: 0 | C62: 0 | D62: 0 | E62: 0 | F62: 0 | H62: 0 | I62: 0 | J62: 1
A63: Agricultural | B63: 12253 | C63: 0 | D63: 0 | E63: 0 | F63: 0 | H63: 275 | I63: 24505
A64: Commercial | B64: 1413718 | C64: 0 | D64: 2104250 | E64: 0 | F64: 5111 | H64: 526983 | I64: 4931686 | J64: 42 | K64: 21 | L64: 16
A65: Industrial | B65: 0 | C65: 0 | D65: 0 | E65: 0 | F65: 0 | H65: 0 | I65: 0 | K65: 2
A66: Mixed Use (Commercial / Residential) | B66: 0 | C66: 0 | D66: 0 | E66: 0 | F66: 2141 | H66: 0 | I66: 0 | J66: 8 | K66: 8 | L66: 4
A67: Residential | B67: 2741869 | C67: 0 | D67: 2592531 | E67: 0 | F67: 161504 | H67: 2096924 | I67: 8434201 | J67: 194 | K67: 97 | L67: 47
A68: Street and Outdoor area Lighting | B68: 0 | C68: 0 | D68: 0 | E68: 0 | F68: 0 | H68: 0 | I68: 0
A69: Telecommunications | B69: 0 | C69: 0 | D69: 0 | E69: 0 | F69: 0 | H69: 0 | I69: 0
A70: Temporary Services | B70: 0 | C70: 0 | D70: 0 | E70: 0 | F70: 0 | H70: 0 | I70: 0
A72: June | B72: Item 9 | C72: item 12 | D72: Item 7 | E72: Item 10 | F72: Item 8 | G72: Item 11 | H72: Item 3 | I72: Item 2 | J72: Item 1 | K72: Item 4 | L72: Item 14
A73: Customer Class | B73: Total Discounts (Non‐Exempted Projects) | C73: Total Discounts (Exempted projects) | D73: Total Allowances (Non‐Exempted Projects) | E73: Total Allowances (Exempted projects) | F73: Total Refund Payments Provided to Builders (Non‐Exempted Projects) | G73: Total Refund Payments Provided to Builders (Exempted projects) | H73: Total Estimated Non‐Refundable | I73: Total Estimated Refundable | J73: Total Electric Line Extension Requests received (applications) | K73: Total Electric Line Extensions Energized | L73: Total Electric Line Extension Applications for applicant install
A75: Agency (City, County, Caltrans) | B75: 539090 | C75: 0 | D75: 0 | E75: 0 | F75: 0 | H75: 39143 | I75: 1078180 | J75: 1
A76: Agricultural | B76: 47541 | C76: 0 | D76: 24782 | E76: 0 | F76: 0 | H76: 11669 | I76: 119863 | J76: 1
A77: Commercial | B77: 815648 | C77: 0 | D77: 1424260 | E77: 0 | F77: 67306 | H77: 234208 | I77: 3055556 | J77: 30 | K77: 19 | L77: 8
A78: Industrial | B78: 34582 | C78: 0 | D78: 42502 | E78: 0 | F78: 0 | H78: 2947 | I78: 111666 | J78: 3 | K78: 1 | L78: 3
A79: Mixed Use (Commercial / Residential) | B79: 68517 | C79: 0 | D79: 529989 | E79: 0 | F79: 181219 | H79: 73226 | I79: 667023 | J79: 5 | K79: 2 | L79: 2
A80: Residential | B80: 5679821 | C80: 0 | D80: 3362373 | E80: 0 | F80: 135207 | H80: 3930366 | I80: 14945807 | J80: 190 | K80: 95 | L80: 44
A81: Street and Outdoor area Lighting | B81: 0 | C81: 0 | D81: 0 | E81: 0 | F81: 0 | H81: 0 | I81: 0
A82: Telecommunications | B82: 0 | C82: 0 | D82: 0 | E82: 0 | F82: 0 | H82: 0 | I82: 0
A83: Temporary Services | B83: 42143 | C83: 0 | D83: 0 | E83: 0 | F83: 0 | H83: 4771 | I83: 84287
A85: July | B85: Item 9 | C85: item 12 | D85: Item 7 | E85: Item 10 | F85: Item 8 | G85: Item 11 | H85: Item 3 | I85: Item 2 | J85: Item 1 | K85: Item 4 | L85: Item 14
A86: Customer Class | B86: Total Discounts (Non‐Exempted Projects) | C86: Total Discounts (Exempted projects) | D86: Total Allowances (Non‐Exempted Projects) | E86: Total Allowances (Exempted projects) | F86: Total Refund Payments Provided to Builders (Non‐Exempted Projects) | G86: Total Refund Payments Provided to Builders (Exempted projects) | H86: Total Estimated Non‐Refundable | I86: Total Estimated Refundable | J86: Total Electric Line Extension Requests received (applications) | K86: Total Electric Line Extensions Energized | L86: Total Electric Line Extension Applications for applicant install
A88: Agency (City, County, Caltrans) | B88: 0 | C88: 0 | D88: 0 | E88: 0 | F88: 0 | H88: 0 | I88: 0 | J88: 1 | K88: 1
A89: Agricultural | B89: 0 | C89: 0 | D89: 0 | E89: 0 | F89: 0 | H89: 0 | I89: 0 | J89: 1
A90: Commercial | B90: 429608 | C90: 0 | D90: 204621 | E90: 0 | F90: 254278 | H90: 176396 | I90: 1063838 | J90: 29 | K90: 17 | L90: 7
A91: Industrial | B91: 0 | C91: 0 | D91: 0 | E91: 0 | F91: 0 | H91: 0 | I91: 0 | J91: 3
A92: Mixed Use (Commercial / Residential) | B92: 1407510 | C92: 0 | D92: 128532 | E92: 0 | F92: 0 | H92: 158148 | I92: 2976333 | J92: 12 | K92: 1 | L92: 6
A93: Residential | B93: 5281884 | C93: 0 | D93: 3193516 | E93: 0 | F93: 412262 | H93: 2947357 | I93: 14017832 | J93: 235 | K93: 99 | L93: 57
A94: Street and Outdoor area Lighting | B94: 0 | C94: 0 | D94: 0 | E94: 0 | F94: 0 | H94: 0 | I94: 0
A95: Telecommunications | B95: 0 | C95: 0 | D95: 0 | E95: 0 | F95: 0 | H95: 0 | I95: 0
A96: Temporary Services | B96: 0 | C96: 0 | D96: 0 | E96: 0 | F96: 0 | H96: 0 | I96: 0 | K96: 2
A98: August | B98: Item 9 | C98: item 12 | D98: Item 7 | E98: Item 10 | F98: Item 8 | G98: Item 11 | H98: Item 3 | I98: Item 2 | J98: Item 1 | K98: Item 4 | L98: Item 14
A99: Customer Class | B99: Total Discounts (Non‐Exempted Projects) | C99: Total Discounts (Exempted projects) | D99: Total Allowances (Non‐Exempted Projects) | E99: Total Allowances (Exempted projects) | F99: Total Refund Payments Provided to Builders (Non‐Exempted Projects) | G99: Total Refund Payments Provided to Builders (Exempted projects) | H99: Total Estimated Non‐Refundable | I99: Total Estimated Refundable | J99: Total Electric Line Extension Requests received (applications) | K99: Total Electric Line Extensions Energized | L99: Total Electric Line Extension Applications for applicant install
A101: Agency (City, County, Caltrans) | B101: 0 | C101: 0 | D101: 0 | E101: 0 | F101: 0 | H101: 0 | I101: 0 | J101: 1 | L101: 1
A102: Agricultural | B102: 0 | C102: 0 | D102: 0 | E102: 0 | F102: 0 | H102: 0 | I102: 0
A103: Commercial | B103: 0 | C103: 0 | D103: 0 | E103: 0 | F103: 81239 | H103: 2163200 | I103: 0 | J103: 30 | K103: 23 | L103: 13
A104: Industrial | B104: 156305 | C104: 0 | D104: 2130 | E104: 0 | F104: 0 | H104: 35686 | I104: 314740
A105: Mixed Use (Commercial / Residential) | B105: 83892 | C105: 0 | D105: 147134 | E105: 0 | F105: 178661 | H105: 73358 | I105: 316088 | J105: 6 | K105: 2 | L105: 1
A106: Residential | B106: 2116897 | C106: 0 | D106: 1138478 | E106: 0 | F106: 1070615 | H106: 4419111 | I106: 6363702 | J106: 231 | K106: 113 | L106: 40
A107: Street and Outdoor area Lighting | B107: 0 | C107: 0 | D107: 0 | E107: 0 | F107: 0 | H107: 0 | I107: 0
A108: Telecommunications | B108: 0 | C108: 0 | D108: 0 | E108: 0 | F108: 0 | H108: 0 | I108: 0
A109: Temporary Services | B109: 0 | C109: 0 | D109: 0 | E109: 0 | F109: 0 | H109: 0 | I109: 0
A111: September | B111: Item 9 | C111: item 12 | D111: Item 7 | E111: Item 10 | F111: Item 8 | G111: Item 11 | H111: Item 3 | I111: Item 2 | J111: Item 1 | K111: Item 4 | L111: Item 14
A112: Customer Class | B112: Total Discounts (Non‐Exempted Projects) | C112: Total Discounts (Exempted projects) | D112: Total Allowances (Non‐Exempted Projects) | E112: Total Allowances (Exempted projects) | F112: Total Refund Payments Provided to Builders (Non‐Exempted Projects) | G112: Total Refund Payments Provided to Builders (Exempted projects) | H112: Total Estimated Non‐Refundable | I112: Total Estimated Refundable | J112: Total Electric Line Extension Requests received (applications) | K112: Total Electric Line Extensions Energized | L112: Total Electric Line Extension Applications for applicant install
A114: Agency (City, County, Caltrans) | B114: 0 | C114: 0 | D114: 0 | E114: 0 | F114: 0 | H114: 0 | I114: 0
A115: Agricultural | B115: 0 | C115: 0 | D115: 0 | E115: 0 | F115: 0 | H115: 0 | I115: 0 | J115: 1 | K115: 1
A116: Commercial | B116: 0 | C116: 0 | D116: 0 | E116: 0 | F116: 166489 | H116: 1403972 | I116: 0 | J116: 22 | K116: 23 | L116: 9
A117: Industrial | B117: 0 | C117: 0 | D117: 0 | E117: 0 | F117: 0 | H117: 0 | I117: 0 | J117: 1 | K117: 1 | L117: 1
A118: Mixed Use (Commercial / Residential) | B118: 0 | C118: 0 | D118: 0 | E118: 0 | F118: 0 | H118: 31472 | I118: 1980 | J118: 7 | K118: 4 | L118: 3
A119: Residential | B119: 571048 | C119: 0 | D119: 200685 | E119: 0 | F119: 251058 | H119: 1967769 | I119: 1896171 | J119: 224 | K119: 90 | L119: 41
...

Sheet validate entries (rwy2)
A1: Category: MIXED FUEL NEW CONSTRUCTION
A2: Dates to Pull: January 01, 2024 ‐ December 31, 2024
A3: Due Date: May 01, 2025
A4: *Customer classes vary between IOU's
B7: Item 9 | C7: item 12 | D7: Item 7 | E7: Item 10 | F7: Item 8 | G7: Item 11 | H7: Item 3 | I7: Item 2 | J7: Item 1 | K7: Item 4 | L7: Item 14
A8: Customer Class | B8: Total Discounts (Non‐Exempted Projects) | C8: Total Discounts (Exempted projects) | D8: Total Allowances (Non‐Exempted Projects) | E8: Total Allowances (Exempted projects) | F8: Total Refund Payments Provided to Builders (Non‐Exempted Projects) | G8: Total Refund Payments Provided to Builders (Exempted projects) | H8: Total Estimated Non‐Refundable | I8: Total Estimated Refundable | J8: Total Electric Line Extension Requests received (applications) | K8: Total Electric Line Extensions Energized | L8: Total Electric Line Extension Applications for applicant install
A10: Agency (City, County, Caltrans) | J10: =SUM(Sheet1!J10,Sheet1!J23,Sheet1!J36,Sheet1!J49,Sheet1!J62,Sheet1!J75,Sheet1!J88,Sheet1!J101,Sheet1!J114,Sheet1!J127,Sheet1!J140,Sheet1!J153) -> 15 | K10: =SUM(Sheet1!K10,Sheet1!K23,Sheet1!K36,Sheet1!K49,Sheet1!K62,Sheet1!K75,Sheet1!K88,Sheet1!K101,Sheet1!K114,Sheet1!K127,Sheet1!K140,Sheet1!K153) -> 3 | L10: =SUM(Sheet1!L10,Sheet1!L23,Sheet1!L36,Sheet1!L49,Sheet1!L62,Sheet1!L75,Sheet1!L88,Sheet1!L101,Sheet1!L114,Sheet1!L127,Sheet1!L140,Sheet1!L153) -> 6
A11: Agricultural | J11: =SUM(Sheet1!J11,Sheet1!J24,Sheet1!J37,Sheet1!J50,Sheet1!J63,Sheet1!J76,Sheet1!J89,Sheet1!J102,Sheet1!J115,Sheet1!J128,Sheet1!J141,Sheet1!J154) -> 9 | K11: =SUM(Sheet1!K11,Sheet1!K24,Sheet1!K37,Sheet1!K50,Sheet1!K63,Sheet1!K76,Sheet1!K89,Sheet1!K102,Sheet1!K115,Sheet1!K128,Sheet1!K141,Sheet1!K154) -> 3 | L11: =SUM(Sheet1!L11,Sheet1!L24,Sheet1!L37,Sheet1!L50,Sheet1!L63,Sheet1!L76,Sheet1!L89,Sheet1!L102,Sheet1!L115,Sheet1!L128,Sheet1!L141,Sheet1!L154) -> 1
A12: Commercial | J12: =SUM(Sheet1!J12,Sheet1!J25,Sheet1!J38,Sheet1!J51,Sheet1!J64,Sheet1!J77,Sheet1!J90,Sheet1!J103,Sheet1!J116,Sheet1!J129,Sheet1!J142,Sheet1!J155) -> 365 | K12: =SUM(Sheet1!K12,Sheet1!K25,Sheet1!K38,Sheet1!K51,Sheet1!K64,Sheet1!K77,Sheet1!K90,Sheet1!K103,Sheet1!K116,Sheet1!K129,Sheet1!K142,Sheet1!K155) -> 270 | L12: =SUM(Sheet1!L12,Sheet1!L25,Sheet1!L38,Sheet1!L51,Sheet1!L64,Sheet1!L77,Sheet1!L90,Sheet1!L103,Sheet1!L116,Sheet1!L129,Sheet1!L142,Sheet1!L155) -> 134
A13: Industrial | J13: =SUM(Sheet1!J13,Sheet1!J26,Sheet1!J39,Sheet1!J52,Sheet1!J65,Sheet1!J78,Sheet1!J91,Sheet1!J104,Sheet1!J117,Sheet1!J130,Sheet1!J143,Sheet1!J156) -> 23 | K13: =SUM(Sheet1!K13,Sheet1!K26,Sheet1!K39,Sheet1!K52,Sheet1!K65,Sheet1!K78,Sheet1!K91,Sheet1!K104,Sheet1!K117,Sheet1!K130,Sheet1!K143,Sheet1!K156) -> 7 | L13: =SUM(Sheet1!L13,Sheet1!L26,Sheet1!L39,Sheet1!L52,Sheet1!L65,Sheet1!L78,Sheet1!L91,Sheet1!L104,Sheet1!L117,Sheet1!L130,Sheet1!L143,Sheet1!L156) -> 12
A14: Mixed Use (Commercial / Residential) | J14: =SUM(Sheet1!J14,Sheet1!J27,Sheet1!J40,Sheet1!J53,Sheet1!J66,Sheet1!J79,Sheet1!J92,Sheet1!J105,Sheet1!J118,Sheet1!J131,Sheet1!J144,Sheet1!J157) -> 71 | K14: =SUM(Sheet1!K14,Sheet1!K27,Sheet1!K40,Sheet1!K53,Sheet1!K66,Sheet1!K79,Sheet1!K92,Sheet1!K105,Sheet1!K118,Sheet1!K131,Sheet1!K144,Sheet1!K157) -> 38 | L14: =SUM(Sheet1!L14,Sheet1!L27,Sheet1!L40,Sheet1!L53,Sheet1!L66,Sheet1!L79,Sheet1!L92,Sheet1!L105,Sheet1!L118,Sheet1!L131,Sheet1!L144,Sheet1!L157) -> 33
A15: Residential | J15: =SUM(Sheet1!J15,Sheet1!J28,Sheet1!J41,Sheet1!J54,Sheet1!J67,Sheet1!J80,Sheet1!J93,Sheet1!J106,Sheet1!J119,Sheet1!J132,Sheet1!J145,Sheet1!J158) -> 2630 | K15: =SUM(Sheet1!K15,Sheet1!K28,Sheet1!K41,Sheet1!K54,Sheet1!K67,Sheet1!K80,Sheet1!K93,Sheet1!K106,Sheet1!K119,Sheet1!K132,Sheet1!K145,Sheet1!K158) -> 1153 | L15: =SUM(Sheet1!L15,Sheet1!L28,Sheet1!L41,Sheet1!L54,Sheet1!L67,Sheet1!L80,Sheet1!L93,Sheet1!L106,Sheet1!L119,Sheet1!L132,Sheet1!L145,Sheet1!L158) -> 572
A16: Street and Outdoor area Lighting | J16: =SUM(Sheet1!J16,Sheet1!J29,Sheet1!J42,Sheet1!J55,Sheet1!J68,Sheet1!J81,Sheet1!J94,Sheet1!J107,Sheet1!J120,Sheet1!J133,Sheet1!J146,Sheet1!J159) -> 0 | K16: =SUM(Sheet1!K16,Sheet1!K29,Sheet1!K42,Sheet1!K55,Sheet1!K68,Sheet1!K81,Sheet1!K94,Sheet1!K107,Sheet1!K120,Sheet1!K133,Sheet1!K146,Sheet1!K159) -> 0 | L16: =SUM(Sheet1!L16,Sheet1!L29,Sheet1!L42,Sheet1!L55,Sheet1!L68,Sheet1!L81,Sheet1!L94,Sheet1!L107,Sheet1!L120,Sheet1!L133,Sheet1!L146,Sheet1!L159) -> 0
A17: Telecommunications | J17: =SUM(Sheet1!J17,Sheet1!J30,Sheet1!J43,Sheet1!J56,Sheet1!J69,Sheet1!J82,Sheet1!J95,Sheet1!J108,Sheet1!J121,Sheet1!J134,Sheet1!J147,Sheet1!J160) -> 0 | K17: =SUM(Sheet1!K17,Sheet1!K30,Sheet1!K43,Sheet1!K56,Sheet1!K69,Sheet1!K82,Sheet1!K95,Sheet1!K108,Sheet1!K121,Sheet1!K134,Sheet1!K147,Sheet1!K160) -> 0 | L17: =SUM(Sheet1!L17,Sheet1!L30,Sheet1!L43,Sheet1!L56,Sheet1!L69,Sheet1!L82,Sheet1!L95,Sheet1!L108,Sheet1!L121,Sheet1!L134,Sheet1!L147,Sheet1!L160) -> 0
A18: Temporary Services | J18: =SUM(Sheet1!J18,Sheet1!J31,Sheet1!J44,Sheet1!J57,Sheet1!J70,Sheet1!J83,Sheet1!J96,Sheet1!J109,Sheet1!J122,Sheet1!J135,Sheet1!J148,Sheet1!J161) -> 0 | K18: =SUM(Sheet1!K18,Sheet1!K31,Sheet1!K44,Sheet1!K57,Sheet1!K70,Sheet1!K83,Sheet1!K96,Sheet1!K109,Sheet1!K122,Sheet1!K135,Sheet1!K148,Sheet1!K161) -> 2 | L18: =SUM(Sheet1!L18,Sheet1!L31,Sheet1!L44,Sheet1!L57,Sheet1!L70,Sheet1!L83,Sheet1!L96,Sheet1!L109,Sheet1!L122,Sheet1!L135,Sheet1!L148,Sheet1!L161) -> 0
A19: TOTAL | J19: =SUM(J10:J18) -> 3113 | K19: =SUM(K10:K18) -> 1476 | L19: =SUM(L10:L18) -> 758
A21: Category: Upgrades to Existing Facilities (All Electric)
A22: Dates to Pull: January 01, 2024 ‐ December 31, 2024
A23: Due Date: May 01, 2025
B25: Item 9 | C25: item 12 | D25: Item 7 | E25: Item 10 | F25: Item 8 | G25: Item 11 | H25: Item 3 | I25: Item 2 | J25: Item 1 | K25: Item 4 | L25: Item 14
A26: Customer Class | B26: Total Discounts (Non‐Exempted Projects) | C26: Total Discounts (Exempted projects) | D26: Total Allowances (Non‐Exempted Projects) | E26: Total Allowances (Exempted projects) | F26: Total Refund Payments Provided to Builders (Non‐Exempted Projects) | G26: Total Refund Payments Provided to Builders (Exempted projects) | H26: Total Estimated Non‐Refundable | I26: Total Estimated Refundable | J26: Total Electric Line Extension Requests received (applications) | K26: Total Electric Line Extensions Energized | L26: Total Electric Line Extension Applications for applicant install
A28: Agency (City, County, Caltrans) | J28: =SUM(Sheet1!J185,Sheet1!J198,Sheet1!J211,Sheet1!J224,Sheet1!J237,Sheet1!J250,Sheet1!J263,Sheet1!J276,Sheet1!J289,Sheet1!J302,Sheet1!J315,Sheet1!J328) -> 15 | K28: =SUM(Sheet1!K185,Sheet1!K198,Sheet1!K211,Sheet1!K224,Sheet1!K237,Sheet1!K250,Sheet1!K263,Sheet1!K276,Sheet1!K289,Sheet1!K302,Sheet1!K315,Sheet1!K328) -> 86 | L28: =SUM(Sheet1!L185,Sheet1!L198,Sheet1!L211,Sheet1!L224,Sheet1!L237,Sheet1!L250,Sheet1!L263,Sheet1!L276,Sheet1!L289,Sheet1!L302,Sheet1!L315,Sheet1!L328) -> 1
A29: Agricultural | J29: =SUM(Sheet1!J186,Sheet1!J199,Sheet1!J212,Sheet1!J225,Sheet1!J238,Sheet1!J251,Sheet1!J264,Sheet1!J277,Sheet1!J290,Sheet1!J303,Sheet1!J316,Sheet1!J329) -> 26 | K29: =SUM(Sheet1!K186,Sheet1!K199,Sheet1!K212,Sheet1!K225,Sheet1!K238,Sheet1!K251,Sheet1!K264,Sheet1!K277,Sheet1!K290,Sheet1!K303,Sheet1!K316,Sheet1!K329) -> 290 | L29: =SUM(Sheet1!L186,Sheet1!L199,Sheet1!L212,Sheet1!L225,Sheet1!L238,Sheet1!L251,Sheet1!L264,Sheet1!L277,Sheet1!L290,Sheet1!L303,Sheet1!L316,Sheet1!L329) -> 4
A30: Commercial | J30: =SUM(Sheet1!J187,Sheet1!J200,Sheet1!J213,Sheet1!J226,Sheet1!J239,Sheet1!J252,Sheet1!J265,Sheet1!J278,Sheet1!J291,Sheet1!J304,Sheet1!J317,Sheet1!J330) -> 160 | K30: =SUM(Sheet1!K187,Sheet1!K200,Sheet1!K213,Sheet1!K226,Sheet1!K239,Sheet1!K252,Sheet1!K265,Sheet1!K278,Sheet1!K291,Sheet1!K304,Sheet1!K317,Sheet1!K330) -> 298 | L30: =SUM(Sheet1!L187,Sheet1!L200,Sheet1!L213,Sheet1!L226,Sheet1!L239,Sheet1!L252,Sheet1!L265,Sheet1!L278,Sheet1!L291,Sheet1!L304,Sheet1!L317,Sheet1!L330) -> 27
A31: Industrial | J31: =SUM(Sheet1!J188,Sheet1!J201,Sheet1!J214,Sheet1!J227,Sheet1!J240,Sheet1!J253,Sheet1!J266,Sheet1!J279,Sheet1!J292,Sheet1!J305,Sheet1!J318,Sheet1!J331) -> 7 | K31: =SUM(Sheet1!K188,Sheet1!K201,Sheet1!K214,Sheet1!K227,Sheet1!K240,Sheet1!K253,Sheet1!K266,Sheet1!K279,Sheet1!K292,Sheet1!K305,Sheet1!K318,Sheet1!K331) -> 19 | L31: =SUM(Sheet1!L188,Sheet1!L201,Sheet1!L214,Sheet1!L227,Sheet1!L240,Sheet1!L253,Sheet1!L266,Sheet1!L279,Sheet1!L292,Sheet1!L305,Sheet1!L318,Sheet1!L331) -> 6
A32: Mixed Use (Commercial / Residential) | J32: =SUM(Sheet1!J189,Sheet1!J202,Sheet1!J215,Sheet1!J228,Sheet1!J241,Sheet1!J254,Sheet1!J267,Sheet1!J280,Sheet1!J293,Sheet1!J306,Sheet1!J319,Sheet1!J332) -> 107 | K32: =SUM(Sheet1!K189,Sheet1!K202,Sheet1!K215,Sheet1!K228,Sheet1!K241,Sheet1!K254,Sheet1!K267,Sheet1!K280,Sheet1!K293,Sheet1!K306,Sheet1!K319,Sheet1!K332) -> 55 | L32: =SUM(Sheet1!L189,Sheet1!L202,Sheet1!L215,Sheet1!L228,Sheet1!L241,Sheet1!L254,Sheet1!L267,Sheet1!L280,Sheet1!L293,Sheet1!L306,Sheet1!L319,Sheet1!L332) -> 25
A33: Residential | J33: =SUM(Sheet1!J190,Sheet1!J203,Sheet1!J216,Sheet1!J229,Sheet1!J242,Sheet1!J255,Sheet1!J268,Sheet1!J281,Sheet1!J294,Sheet1!J307,Sheet1!J320,Sheet1!J333) -> 373 | K33: =SUM(Sheet1!K190,Sheet1!K203,Sheet1!K216,Sheet1!K229,Sheet1!K242,Sheet1!K255,Sheet1!K268,Sheet1!K281,Sheet1!K294,Sheet1!K307,Sheet1!K320,Sheet1!K333) -> 4928 | L33: =SUM(Sheet1!L190,Sheet1!L203,Sheet1!L216,Sheet1!L229,Sheet1!L242,Sheet1!L255,Sheet1!L268,Sheet1!L281,Sheet1!L294,Sheet1!L307,Sheet1!L320,Sheet1!L333) -> 121
A34: Street and Outdoor area Lighting | J34: =SUM(Sheet1!J191,Sheet1!J204,Sheet1!J217,Sheet1!J230,Sheet1!J243,Sheet1!J256,Sheet1!J269,Sheet1!J282,Sheet1!J295,Sheet1!J308,Sheet1!J321,Sheet1!J334) -> 16 | K34: =SUM(Sheet1!K191,Sheet1!K204,Sheet1!K217,Sheet1!K230,Sheet1!K243,Sheet1!K256,Sheet1!K269,Sheet1!K282,Sheet1!K295,Sheet1!K308,Sheet1!K321,Sheet1!K334) -> 31 | L34: =SUM(Sheet1!L191,Sheet1!L204,Sheet1!L217,Sheet1!L230,Sheet1!L243,Sheet1!L256,Sheet1!L269,Sheet1!L282,Sheet1!L295,Sheet1!L308,Sheet1!L321,Sheet1!L334) -> 2
A35: Telecommunications | J35: =SUM(Sheet1!J192,Sheet1!J205,Sheet1!J218,Sheet1!J231,Sheet1!J244,Sheet1!J257,Sheet1!J270,Sheet1!J283,Sheet1!J296,Sheet1!J309,Sheet1!J322,Sheet1!J335) -> 241 | K35: =SUM(Sheet1!K192,Sheet1!K205,Sheet1!K218,Sheet1!K231,Sheet1!K244,Sheet1!K257,Sheet1!K270,Sheet1!K283,Sheet1!K296,Sheet1!K309,Sheet1!K322,Sheet1!K335) -> 23 | L35: =SUM(Sheet1!L192,Sheet1!L205,Sheet1!L218,Sheet1!L231,Sheet1!L244,Sheet1!L257,Sheet1!L270,Sheet1!L283,Sheet1!L296,Sheet1!L309,Sheet1!L322,Sheet1!L335) -> 27
A36: Temporary Services | J36: =SUM(Sheet1!J193,Sheet1!J206,Sheet1!J219,Sheet1!J232,Sheet1!J245,Sheet1!J258,Sheet1!J271,Sheet1!J284,Sheet1!J297,Sheet1!J310,Sheet1!J323,Sheet1!J336) -> 0 | K36: =SUM(Sheet1!K193,Sheet1!K206,Sheet1!K219,Sheet1!K232,Sheet1!K245,Sheet1!K258,Sheet1!K271,Sheet1!K284,Sheet1!K297,Sheet1!K310,Sheet1!K323,Sheet1!K336) -> 0 | L36: =SUM(Sheet1!L193,Sheet1!L206,Sheet1!L219,Sheet1!L232,Sheet1!L245,Sheet1!L258,Sheet1!L271,Sheet1!L284,Sheet1!L297,Sheet1!L310,Sheet1!L323,Sheet1!L336) -> 0
A37: TOTAL | J37: =SUM(J28:J36) -> 945 | K37: =SUM(K28:K36) -> 5730 | L37: =SUM(L28:L36) -> 213
A39: Category: Upgrades to Existing Facilities (Mixed Fuel)
A40: Dates to Pull: January 01, 2024 ‐ December 31, 2024
A41: Due Date: May 01, 2025
B43: Item 9 | C43: item 12 | D43: Item 7 | E43: Item 10 | F43: Item 8 | G43: Item 11 | H43: Item 3 | I43: Item 2 | J43: Item 1 | K43: Item 4 | L43: Item 14
A44: Customer Class | B44: Total Discounts (Non‐Exempted Projects) | C44: Total Discounts (Exempted projects) | D44: Total Allowances (Non‐Exempted Projects) | E44: Total Allowances (Exempted projects) | F44: Total Refund Payments Provided to Builders (Non‐Exempted Projects) | G44: Total Refund Payments Provided to Builders (Exempted projects) | H44: Total Estimated Non‐Refundable | I44: Total Estimated Refundable | J44: Total Electric Line Extension Requests received (applications) | K44: Total Electric Line Extensions Energized | L44: Total Electric Line Extension Applications for applicant install
A46: Agency (City, County, Caltrans) | J46: =SUM(Sheet1!J360,Sheet1!J373,Sheet1!J386,Sheet1!J399,Sheet1!J412,Sheet1!J425,Sheet1!J438,Sheet1!J451,Sheet1!J464,Sheet1!J477,Sheet1!J490,Sheet1!J503) -> 0 | K46: =SUM(Sheet1!K360,Sheet1!K373,Sheet1!K386,Sheet1!K399,Sheet1!K412,Sheet1!K425,Sheet1!K438,Sheet1!K451,Sheet1!K464,Sheet1!K477,Sheet1!K490,Sheet1!K503) -> 0 | L46: =SUM(Sheet1!L360,Sheet1!L373,Sheet1!L386,Sheet1!L399,Sheet1!L412,Sheet1!L425,Sheet1!L438,Sheet1!L451,Sheet1!L464,Sheet1!L477,Sheet1!L490,Sheet1!L503) -> 0
A47: Agricultural | J47: =SUM(Sheet1!J361,Sheet1!J374,Sheet1!J387,Sheet1!J400,Sheet1!J413,Sheet1!J426,Sheet1!J439,Sheet1!J452,Sheet1!J465,Sheet1!J478,Sheet1!J491,Sheet1!J504) -> 0 | K47: =SUM(Sheet1!K361,Sheet1!K374,Sheet1!K387,Sheet1!K400,Sheet1!K413,Sheet1!K426,Sheet1!K439,Sheet1!K452,Sheet1!K465,Sheet1!K478,Sheet1!K491,Sheet1!K504) -> 0 | L47: =SUM(Sheet1!L361,Sheet1!L374,Sheet1!L387,Sheet1!L400,Sheet1!L413,Sheet1!L426,Sheet1!L439,Sheet1!L452,Sheet1!L465,Sheet1!L478,Sheet1!L491,Sheet1!L504) -> 0
A48: Commercial | J48: =SUM(Sheet1!J362,Sheet1!J375,Sheet1!J388,Sheet1!J401,Sheet1!J414,Sheet1!J427,Sheet1!J440,Sheet1!J453,Sheet1!J466,Sheet1!J479,Sheet1!J492,Sheet1!J505) -> 1 | K48: =SUM(Sheet1!K362,Sheet1!K375,Sheet1!K388,Sheet1!K401,Sheet1!K414,Sheet1!K427,Sheet1!K440,Sheet1!K453,Sheet1!K466,Sheet1!K479,Sheet1!K492,Sheet1!K505) -> 27 | L48: =SUM(Sheet1!L362,Sheet1!L375,Sheet1!L388,Sheet1!L401,Sheet1!L414,Sheet1!L427,Sheet1!L440,Sheet1!L453,Sheet1!L466,Sheet1!L479,Sheet1!L492,Sheet1!L505) -> 1
A49: Industrial | J49: =SUM(Sheet1!J363,Sheet1!J376,Sheet1!J389,Sheet1!J402,Sheet1!J415,Sheet1!J428,Sheet1!J441,Sheet1!J454,Sheet1!J467,Sheet1!J480,Sheet1!J493,Sheet1!J506) -> 0 | K49: =SUM(Sheet1!K363,Sheet1!K376,Sheet1!K389,Sheet1!K402,Sheet1!K415,Sheet1!K428,Sheet1!K441,Sheet1!K454,Sheet1!K467,Sheet1!K480,Sheet1!K493,Sheet1!K506) -> 0 | L49: =SUM(Sheet1!L363,Sheet1!L376,Sheet1!L389,Sheet1!L402,Sheet1!L415,Sheet1!L428,Sheet1!L441,Sheet1!L454,Sheet1!L467,Sheet1!L480,Sheet1!L493,Sheet1!L506) -> 0
A50: Mixed Use (Commercial / Residential) | J50: =SUM(Sheet1!J364,Sheet1!J377,Sheet1!J390,Sheet1!J403,Sheet1!J416,Sheet1!J429,Sheet1!J442,Sheet1!J455,Sheet1!J468,Sheet1!J481,Sheet1!J494,Sheet1!J507) -> 0 | K50: =SUM(Sheet1!K364,Sheet1!K377,Sheet1!K390,Sheet1!K403,Sheet1!K416,Sheet1!K429,Sheet1!K442,Sheet1!K455,Sheet1!K468,Sheet1!K481,Sheet1!K494,Sheet1!K507) -> 1 | L50: =SUM(Sheet1!L364,Sheet1!L377,Sheet1!L390,Sheet1!L403,Sheet1!L416,Sheet1!L429,Sheet1!L442,Sheet1!L455,Sheet1!L468,Sheet1!L481,Sheet1!L494,Sheet1!L507) -> 0
A51: Residential | J51: =SUM(Sheet1!J365,Sheet1!J378,Sheet1!J391,Sheet1!J404,Sheet1!J417,Sheet1!J430,Sheet1!J443,Sheet1!J456,Sheet1!J469,Sheet1!J482,Sheet1!J495,Sheet1!J508) -> 8 | K51: =SUM(Sheet1!K365,Sheet1!K378,Sheet1!K391,Sheet1!K404,Sheet1!K417,Sheet1!K430,Sheet1!K443,Sheet1!K456,Sheet1!K469,Sheet1!K482,Sheet1!K495,Sheet1!K508) -> 248 | L51: =SUM(Sheet1!L365,Sheet1!L378,Sheet1!L391,Sheet1!L404,Sheet1!L417,Sheet1!L430,Sheet1!L443,Sheet1!L456,Sheet1!L469,Sheet1!L482,Sheet1!L495,Sheet1!L508) -> 4
A52: Street and Outdoor area Lighting | J52: =SUM(Sheet1!J366,Sheet1!J379,Sheet1!J392,Sheet1!J405,Sheet1!J418,Sheet1!J431,Sheet1!J444,Sheet1!J457,Sheet1!J470,Sheet1!J483,Sheet1!J496,Sheet1!J509) -> 0 | K52: =SUM(Sheet1!K366,Sheet1!K379,Sheet1!K392,Sheet1!K405,Sheet1!K418,Sheet1!K431,Sheet1!K444,Sheet1!K457,Sheet1!K470,Sheet1!K483,Sheet1!K496,Sheet1!K509) -> 0 | L52: =SUM(Sheet1!L366,Sheet1!L379,Sheet1!L392,Sheet1!L405,Sheet1!L418,Sheet1!L431,Sheet1!L444,Sheet1!L457,Sheet1!L470,Sheet1!L483,Sheet1!L496,Sheet1!L509) -> 0
A53: Telecommunications | J53: =SUM(Sheet1!J367,Sheet1!J380,Sheet1!J393,Sheet1!J406,Sheet1!J419,Sheet1!J432,Sheet1!J445,Sheet1!J458,Sheet1!J471,Sheet1!J484,Sheet1!J497,Sheet1!J510) -> 0 | K53: =SUM(Sheet1!K367,Sheet1!K380,Sheet1!K393,Sheet1!K406,Sheet1!K419,Sheet1!K432,Sheet1!K445,Sheet1!K458,Sheet1!K471,Sheet1!K484,Sheet1!K497,Sheet1!K510) -> 0 | L53: =SUM(Sheet1!L367,Sheet1!L380,Sheet1!L393,Sheet1!L406,Sheet1!L419,Sheet1!L432,Sheet1!L445,Sheet1!L458,Sheet1!L471,Sheet1!L484,Sheet1!L497,Sheet1!L510) -> 0
A54: Temporary Services | J54: =SUM(Sheet1!J368,Sheet1!J381,Sheet1!J394,Sheet1!J407,Sheet1!J420,Sheet1!J433,Sheet1!J446,Sheet1!J459,Sheet1!J472,Sheet1!J485,Sheet1!J498,Sheet1!J511) -> 0 | K54: =SUM(Sheet1!K368,Sheet1!K381,Sheet1!K394,Sheet1!K407,Sheet1!K420,Sheet1!K433,Sheet1!K446,Sheet1!K459,Sheet1!K472,Sheet1!K485,Sheet1!K498,Sheet1!K511) -> 0 | L54: =SUM(Sheet1!L368,Sheet1!L381,Sheet1!L394,Sheet1!L407,Sheet1!L420,Sheet1!L433,Sheet1!L446,Sheet1!L459,Sheet1!L472,Sheet1!L485,Sheet1!L498,Sheet1!L511) -> 0
A55: TOTAL | J55: =SUM(J46:J54) -> 9 | K55: =SUM(K46:K54) -> 276 | L55: =SUM(L46:L54) -> 5
A57: Category: All Electric New Construction
A58: Dates to Pull: January 01, 2024 ‐ December 31, 2024
A59: Due Date: May 01, 2025
B61: Item 9 | C61: item 12 | D61: Item 7 | E61: Item 10 | F61: Item 8 | G61: Item 11 | H61: Item 3 | I61: Item 2 | J61: Item 1 | K61: Item 4 | L61: Item 14
A62: Customer Class | B62: Total Discounts (Non‐Exempted Projects) | C62: Total Discounts (Exempted projects) | D62: Total Allowances (Non‐Exempted Projects) | E62: Total Allowances (Exempted projects) | F62: Total Refund Payments Provided to Builders (Non‐Exempted Projects) | G62: Total Refund Payments Provided to Builders (Exempted projects) | H62: Total Estimated Non‐Refundable | I62: Total Estimated Refundable | J62: Total Electric Line Extension Requests received (applications) | K62: Total Electric Line Extensions Energized | L62: Total Electric Line Extension Applications for applicant install
A64: Agency (City, County, Caltrans) | J64: =SUM(Sheet1!J535,Sheet1!J548,Sheet1!J561,Sheet1!J574,Sheet1!J587,Sheet1!J600,Sheet1!J613,Sheet1!J626,Sheet1!J639,Sheet1!J652,Sheet1!J665,Sheet1!J678) -> 816 | K64: =SUM(Sheet1!K535,Sheet1!K548,Sheet1!K561,Sheet1!K574,Sheet1!K587,Sheet1!K600,Sheet1!K613,Sheet1!K626,Sheet1!K639,Sheet1!K652,Sheet1!K665,Sheet1!K678) -> 109 | L64: =SUM(Sheet1!L535,Sheet1!L548,Sheet1!L561,Sheet1!L574,Sheet1!L587,Sheet1!L600,Sheet1!L613,Sheet1!L626,Sheet1!L639,Sheet1!L652,Sheet1!L665,Sheet1!L678) -> 225
A65: Agricultural | J65: =SUM(Sheet1!J536,Sheet1!J549,Sheet1!J562,Sheet1!J575,Sheet1!J588,Sheet1!J601,Sheet1!J614,Sheet1!J627,Sheet1!J640,Sheet1!J653,Sheet1!J666,Sheet1!J679) -> 1063 | K65: =SUM(Sheet1!K536,Sheet1!K549,Sheet1!K562,Sheet1!K575,Sheet1!K588,Sheet1!K601,Sheet1!K614,Sheet1!K627,Sheet1!K640,Sheet1!K653,Sheet1!K666,Sheet1!K679) -> 685 | L65: =SUM(Sheet1!L536,Sheet1!L549,Sheet1!L562,Sheet1!L575,Sheet1!L588,Sheet1!L601,Sheet1!L614,Sheet1!L627,Sheet1!L640,Sheet1!L653,Sheet1!L666,Sheet1!L679) -> 138
A66: Commercial | J66: =SUM(Sheet1!J537,Sheet1!J550,Sheet1!J563,Sheet1!J576,Sheet1!J589,Sheet1!J602,Sheet1!J615,Sheet1!J628,Sheet1!J641,Sheet1!J654,Sheet1!J667,Sheet1!J680) -> 1977 | K66: =SUM(Sheet1!K537,Sheet1!K550,Sheet1!K563,Sheet1!K576,Sheet1!K589,Sheet1!K602,Sheet1!K615,Sheet1!K628,Sheet1!K641,Sheet1!K654,Sheet1!K667,Sheet1!K680) -> 786 | L66: =SUM(Sheet1!L537,Sheet1!L550,Sheet1!L563,Sheet1!L576,Sheet1!L589,Sheet1!L602,Sheet1!L615,Sheet1!L628,Sheet1!L641,Sheet1!L654,Sheet1!L667,Sheet1!L680) -> 491
A67: Industrial | J67: =SUM(Sheet1!J538,Sheet1!J551,Sheet1!J564,Sheet1!J577,Sheet1!J590,Sheet1!J603,Sheet1!J616,Sheet1!J629,Sheet1!J642,Sheet1!J655,Sheet1!J668,Sheet1!J681) -> 240 | K67: =SUM(Sheet1!K538,Sheet1!K551,Sheet1!K564,Sheet1!K577,Sheet1!K590,Sheet1!K603,Sheet1!K616,Sheet1!K629,Sheet1!K642,Sheet1!K655,Sheet1!K668,Sheet1!K681) -> 51 | L67: =SUM(Sheet1!L538,Sheet1!L551,Sheet1!L564,Sheet1!L577,Sheet1!L590,Sheet1!L603,Sheet1!L616,Sheet1!L629,Sheet1!L642,Sheet1!L655,Sheet1!L668,Sheet1!L681) -> 51
A68: Mixed Use (Commercial / Residential) | J68: =SUM(Sheet1!J539,Sheet1!J552,Sheet1!J565,Sheet1!J578,Sheet1!J591,Sheet1!J604,Sheet1!J617,Sheet1!J630,Sheet1!J643,Sheet1!J656,Sheet1!J669,Sheet1!J682) -> 277 | K68: =SUM(Sheet1!K539,Sheet1!K552,Sheet1!K565,Sheet1!K578,Sheet1!K591,Sheet1!K604,Sheet1!K617,Sheet1!K630,Sheet1!K643,Sheet1!K656,Sheet1!K669,Sheet1!K682) -> 81 | L68: =SUM(Sheet1!L539,Sheet1!L552,Sheet1!L565,Sheet1!L578,Sheet1!L591,Sheet1!L604,Sheet1!L617,Sheet1!L630,Sheet1!L643,Sheet1!L656,Sheet1!L669,Sheet1!L682) -> 120
A69: Residential | J69: =SUM(Sheet1!J540,Sheet1!J553,Sheet1!J566,Sheet1!J579,Sheet1!J592,Sheet1!J605,Sheet1!J618,Sheet1!J631,Sheet1!J644,Sheet1!J657,Sheet1!J670,Sheet1!J683) -> 7661 | K69: =SUM(Sheet1!K540,Sheet1!K553,Sheet1!K566,Sheet1!K579,Sheet1!K592,Sheet1!K605,Sheet1!K618,Sheet1!K631,Sheet1!K644,Sheet1!K657,Sheet1!K670,Sheet1!K683) -> 2510 | L69: =SUM(Sheet1!L540,Sheet1!L553,Sheet1!L566,Sheet1!L579,Sheet1!L592,Sheet1!L605,Sheet1!L618,Sheet1!L631,Sheet1!L644,Sheet1!L657,Sheet1!L670,Sheet1!L683) -> 1715
A70: Street and Outdoor area Lighting | J70: =SUM(Sheet1!J541,Sheet1!J554,Sheet1!J567,Sheet1!J580,Sheet1!J593,Sheet1!J606,Sheet1!J619,Sheet1!J632,Sheet1!J645,Sheet1!J658,Sheet1!J671,Sheet1!J684) -> 270 | K70: =SUM(Sheet1!K541,Sheet1!K554,Sheet1!K567,Sheet1!K580,Sheet1!K593,Sheet1!K606,Sheet1!K619,Sheet1!K632,Sheet1!K645,Sheet1!K658,Sheet1!K671,Sheet1!K684) -> 92 | L70: =SUM(Sheet1!L541,Sheet1!L554,Sheet1!L567,Sheet1!L580,Sheet1!L593,Sheet1!L606,Sheet1!L619,Sheet1!L632,Sheet1!L645,Sheet1!L658,Sheet1!L671,Sheet1!L684) -> 72
A71: Telecommunications | J71: =SUM(Sheet1!J542,Sheet1!J555,Sheet1!J568,Sheet1!J581,Sheet1!J594,Sheet1!J607,Sheet1!J620,Sheet1!J633,Sheet1!J646,Sheet1!J659,Sheet1!J672,Sheet1!J685) -> 1050 | K71: =SUM(Sheet1!K542,Sheet1!K555,Sheet1!K568,Sheet1!K581,Sheet1!K594,Sheet1!K607,Sheet1!K620,Sheet1!K633,Sheet1!K646,Sheet1!K659,Sheet1!K672,Sheet1!K685) -> 224 | L71: =SUM(Sheet1!L542,Sheet1!L555,Sheet1!L568,Sheet1!L581,Sheet1!L594,Sheet1!L607,Sheet1!L620,Sheet1!L633,Sheet1!L646,Sheet1!L659,Sheet1!L672,Sheet1!L685) -> 181
A72: Temporary Services | J72: =SUM(Sheet1!J543,Sheet1!J556,Sheet1!J569,Sheet1!J582,Sheet1!J595,Sheet1!J608,Sheet1!J621,Sheet1!J634,Sheet1!J647,Sheet1!J660,Sheet1!J673,Sheet1!J686) -> 0 | K72: =SUM(Sheet1!K543,Sheet1!K556,Sheet1!K569,Sheet1!K582,Sheet1!K595,Sheet1!K608,Sheet1!K621,Sheet1!K634,Sheet1!K647,Sheet1!K660,Sheet1!K673,Sheet1!K686) -> 98 | L72: =SUM(Sheet1!L543,Sheet1!L556,Sheet1!L569,Sheet1!L582,Sheet1!L595,Sheet1!L608,Sheet1!L621,Sheet1!L634,Sheet1!L647,Sheet1!L660,Sheet1!L673,Sheet1!L686) -> 0
A73: TOTAL | J73: =SUM(J64:J72) -> 13354 | K73: =SUM(K64:K72) -> 4636 | L73: =SUM(L64:L72) -> 2993
I75: New Construction:
I76: Mixed Fuel | J76: =J19 -> 3113 | K76: =K19 -> 1476 | L76: =L19 -> 758
I77: All Electric | J77: =J73 -> 13354 | K77: =K73 -> 4636 | L77: =L73 -> 2993
I78: Total | J78: =SUM(J76:J77) -> 16467 | K78: =SUM(K76:K77) -> 6112 | L78: =SUM(L76:L77) -> 3751
I80: Upgrades to Existing Facilities:
I81: All Electric | J81: =J37 -> 945 | K81: =K37 -> 5730 | L81: =L37 -> 213
I82: Mixed Fuel | J82: =J55 -> 9 | K82: =K55 -> 276 | L82: =L55 -> 5
I83: Total | J83: =SUM(J81:J82) -> 954 | K83: =SUM(K81:K82) -> 6006 | L83: =SUM(L81:L82) -> 218
